,person_age,person_income,loan_amnt,loan_int_rate,loan_percent_income,credit_score,loan_status
person_age,1.0,0.15689204754619224,0.08121414638150105,0.09084141581049554,-0.03817608625886488,0.15611585081327276,-0.016544990825489627
person_income,0.15689204754619224,1.0,0.29247158254520833,0.031380425702990274,-0.29057155485858505,0.011854152300793064,-0.16182949666679786
loan_amnt,0.08121414638150105,0.29247158254520833,1.0,0.14102201151676824,0.5930307787831239,0.007664325489250459,0.1515642203882411
loan_int_rate,0.09084141581049554,0.031380425702990274,0.14102201151676824,1.0,0.09416366739540741,0.002455785241278361,0.31015446481386266
loan_percent_income,-0.03817608625886488,-0.29057155485858505,0.5930307787831239,0.09416366739540741,1.0,0.002020703300248263,0.4089415893609692
credit_score,0.15611585081327276,0.011854152300793064,0.007664325489250459,0.002455785241278361,0.002020703300248263,1.0,-0.019609822957505605
loan_status,-0.016544990825489627,-0.16182949666679786,0.1515642203882411,0.31015446481386266,0.4089415893609692,-0.019609822957505605,1.0
