param_n_estimators,param_max_depth,param_learning_rate,param_subsample,param_colsample_bytree,param_min_child_weight,split0_test_score,split1_test_score,split2_test_score,split3_test_score,split4_test_score,mean_test_score,std_test_score,rank_test_score,split0_train_score,split1_train_score,split2_train_score,split3_train_score,split4_train_score,mean_train_score,std_train_score,rank_train_score,mean_fit_time,std_fit_time,mean_score_time,std_score_time,params
274,5,0.035344643747636566,0.9807456329793502,0.7302727421804681,10,0.7890222984562607,0.7998650016874789,0.7936398202557898,0.7949591280653951,0.7943989071038251,0.7943770311137499,0.0034546715652995744,548,0.8104697757694603,0.8103212576896788,0.8094178082191781,0.8076627041819893,0.808856214737562,0.8093455521195736,0.0010288371467724912,545,1.7925981521606444,0.06300836774039202,0.04104800224304199,0.0071261116018206195,"{'n_estimators': 274, 'max_depth': 5, 'learning_rate': np.float64(0.035344643747636566), 'subsample': np.float64(0.9807456329793502), 'colsample_bytree': np.float64(0.7302727421804681), 'min_child_weight': 10}"
587,5,0.04625908008548132,0.9099010106178466,0.7959029036426779,10,0.8065395095367848,0.8105403602401601,0.8054237288135593,0.8077566031427617,0.7985125084516566,0.8057545420369845,0.0040021235953095185,438,0.8491516882244247,0.8475517415446744,0.8473320989732368,0.8459920935318361,0.84790459393634,0.8475864432421023,0.001015781269020469,512,2.9803521633148193,0.11052784430999274,0.06924409866333008,0.012492775476398477,"{'n_estimators': 587, 'max_depth': 5, 'learning_rate': np.float64(0.04625908008548132), 'subsample': np.float64(0.9099010106178466), 'colsample_bytree': np.float64(0.7959029036426779), 'min_child_weight': 10}"
436,5,0.16453898367056088,0.7868847507357761,0.9906378765545018,9,0.8032021347565044,0.8103335513407456,0.8011968085106383,0.8078817733990148,0.7984058452341415,0.8042040226482088,0.004353457249576102,501,0.9037718793656011,0.9095081967213114,0.908614906324143,0.903861955628595,0.9060094972981824,0.9063532870675666,0.0023688379452009023,340,2.0457451343536377,0.05977871337324663,0.05980768203735352,0.013398036785057495,"{'n_estimators': 436, 'max_depth': 5, 'learning_rate': np.float64(0.16453898367056088), 'subsample': np.float64(0.7868847507357761), 'colsample_bytree': np.float64(0.9906378765545018), 'min_child_weight': 9}"
626,6,0.10692048777748797,0.7815294203054637,0.8622309605881475,9,0.8036072144288577,0.8107400130975769,0.800533689126084,0.8063137125945413,0.802653399668325,0.804769605783077,0.003515750311148746,484,0.9310624493106245,0.930905543814014,0.9325123551810743,0.9300625456908456,0.9321772951948789,0.9313440378382873,0.0008914117418971412,49,2.89675087928772,0.0367554275244932,0.08754205703735352,0.015028721014796145,"{'n_estimators': 626, 'max_depth': 6, 'learning_rate': np.float64(0.10692048777748797), 'subsample': np.float64(0.7815294203054637), 'colsample_bytree': np.float64(0.8622309605881475), 'min_child_weight': 9}"
249,6,0.15202240109242418,0.7627171946597794,0.7357107144454987,2,0.8014829794405123,0.8056840713813616,0.8094919786096256,0.8070175438596491,0.7993333333333333,0.8046019813248965,0.003698777071088603,492,0.9208997955010225,0.9242201535195166,0.9276588819269265,0.925012252899853,0.9246346043929126,0.9244851376480462,0.002158598547383487,58,1.2208882331848145,0.06142369547070839,0.044904470443725586,0.006085770427999368,"{'n_estimators': 249, 'max_depth': 6, 'learning_rate': np.float64(0.15202240109242418), 'subsample': np.float64(0.7627171946597794), 'colsample_bytree': np.float64(0.7357107144454987), 'min_child_weight': 2}"
346,7,0.06105450329101332,0.8902403754104223,0.8699881445863519,8,0.8113207547169812,0.8111147866357923,0.8051334008780817,0.810379241516966,0.8022941970310391,0.808048476155772,0.003664749001798386,289,0.875396163469558,0.8771345272802998,0.8768357810413885,0.8736112271322363,0.8759294845016292,0.8757814366850223,0.0012508124791822156,426,1.6905450344085693,0.062359177918372,0.062243080139160155,0.009218404909985657,"{'n_estimators': 346, 'max_depth': 7, 'learning_rate': np.float64(0.06105450329101332), 'subsample': np.float64(0.8902403754104223), 'colsample_bytree': np.float64(0.8699881445863519), 'min_child_weight': 8}"
305,7,0.0400304154261769,0.8154238961575607,0.7615313334821808,8,0.8005445881552076,0.8042895442359249,0.8012295081967213,0.8064516129032258,0.8004073319755601,0.8025845170933279,0.0023916120830692923,521,0.8469181542606938,0.8453276955602537,0.843279797125951,0.8440460081190798,0.8454200084423807,0.8449983327016717,0.0012515823406415083,516,1.6554154396057128,0.05555071387360188,0.057975149154663085,0.008903630967675063,"{'n_estimators': 305, 'max_depth': 7, 'learning_rate': np.float64(0.0400304154261769), 'subsample': np.float64(0.8154238961575607), 'colsample_bytree': np.float64(0.7615313334821808), 'min_child_weight': 8}"
572,3,0.08425917518135125,0.8787062584014742,0.7971259835204482,6,0.8081632653061225,0.806268756252084,0.8057162300102075,0.806970509383378,0.7955540586055911,0.8045345639114767,0.004564088902414814,494,0.8329688814129521,0.8353258124263344,0.8318896644521067,0.830261718421274,0.8351095074263657,0.8331111168278065,0.001925081280208185,527,1.9763817310333252,0.06702695607524829,0.05828847885131836,0.008921766138028104,"{'n_estimators': 572, 'max_depth': 3, 'learning_rate': np.float64(0.08425917518135125), 'subsample': np.float64(0.8787062584014742), 'colsample_bytree': np.float64(0.7971259835204482), 'min_child_weight': 6}"
559,7,0.19970702437252866,0.9277188666622199,0.9110021255964289,5,0.7996038296467481,0.797796500324044,0.8018494055482166,0.8066190785204412,0.8036951501154734,0.8019127928309846,0.0030856155112659726,525,0.9982007353516389,0.9985145805644594,0.9984357891443767,0.9974953036944271,0.9982004537986073,0.9981693725107018,0.00035957332114641244,1,2.7711687088012695,0.09401284202330626,0.09076890945434571,0.018108622768855658,"{'n_estimators': 559, 'max_depth': 7, 'learning_rate': np.float64(0.19970702437252866), 'subsample': np.float64(0.9277188666622199), 'colsample_bytree': np.float64(0.9110021255964289), 'min_child_weight': 5}"
279,2,0.10104937313261159,0.9271568179505945,0.7936676663707799,3,0.7834287638935669,0.7904793831713041,0.7892223738062756,0.7973199329983249,0.7911714770797963,0.7903243861898535,0.004437190560167598,550,0.7958564931783729,0.7975979023936395,0.7961821099755046,0.7947568710359408,0.7984810126582278,0.7965748778483371,0.0013157067332545092,551,0.9076937675476074,0.08004064751557805,0.02980351448059082,0.005806347016442443,"{'n_estimators': 279, 'max_depth': 2, 'learning_rate': np.float64(0.10104937313261159), 'subsample': np.float64(0.9271568179505945), 'colsample_bytree': np.float64(0.7936676663707799), 'min_child_weight': 3}"
689,5,0.016228793930772537,0.8721735995501632,0.8445989555748594,8,0.792504258943782,0.8048289738430584,0.796423658872077,0.8002717391304348,0.7952380952380952,0.7978533452054893,0.0042896219717959904,542,0.8169157608695652,0.8176410605030592,0.815910249872514,0.8164341612793468,0.8166072338257768,0.8167016932700524,0.0005718591329652475,540,3.1545990467071534,0.055540826286837354,0.08904471397399902,0.007355152178717078,"{'n_estimators': 689, 'max_depth': 5, 'learning_rate': np.float64(0.016228793930772537), 'subsample': np.float64(0.8721735995501632), 'colsample_bytree': np.float64(0.8445989555748594), 'min_child_weight': 8}"
425,2,0.1642074976456099,0.9246494643536243,0.7610981398906431,5,0.8020477815699659,0.8076795762992387,0.8002726653033402,0.8046666666666666,0.7933716604666892,0.8016076700611802,0.0048173290417060114,527,0.817600538448595,0.8177987527389179,0.8165470662726889,0.8131147540983606,0.818335018537243,0.8166792260191611,0.001874392264419447,541,1.4247041702270509,0.03712343408674466,0.03683671951293945,0.008521281186361787,"{'n_estimators': 425, 'max_depth': 2, 'learning_rate': np.float64(0.1642074976456099), 'subsample': np.float64(0.9246494643536243), 'colsample_bytree': np.float64(0.7610981398906431), 'min_child_weight': 5}"
315,6,0.09148202493973988,0.7698281182242285,0.7380819985464547,3,0.8102288021534321,0.8089887640449438,0.8058088483620398,0.8065268065268065,0.8041652670473631,0.8071436976269171,0.0021888611620207573,349,0.8940435755115567,0.8956212234086582,0.8961017509084902,0.895042281545349,0.8964202850513755,0.8954458232850859,0.0008413948821488993,364,1.9313264846801759,0.023975080571224244,0.060910511016845706,0.009126573280411616,"{'n_estimators': 315, 'max_depth': 6, 'learning_rate': np.float64(0.09148202493973988), 'subsample': np.float64(0.7698281182242285), 'colsample_bytree': np.float64(0.7380819985464547), 'min_child_weight': 3}"
589,6,0.16137052139275213,0.8458862581292529,0.7558964064835286,7,0.8025140588819054,0.8010471204188482,0.8018494055482166,0.8026229508196722,0.802244965335094,0.8020557002007471,0.0005705221987725589,524,0.96136927137487,0.964576352321685,0.9624480664749121,0.9652478877729954,0.9638669538167025,0.963501706352233,0.001413849719591053,32,2.825677490234375,0.10395876478599791,0.09912624359130859,0.013188032828294356,"{'n_estimators': 589, 'max_depth': 6, 'learning_rate': np.float64(0.16137052139275213), 'subsample': np.float64(0.8458862581292529), 'colsample_bytree': np.float64(0.7558964064835286), 'min_child_weight': 7}"
605,6,0.04524540213685324,0.7275530891482114,0.7725093522909275,9,0.805677593781683,0.8083416087388282,0.8036498817167962,0.8090335436731982,0.7982544478012756,0.8049914151423563,0.003878656525278788,472,0.8687895965321774,0.8696087428047051,0.8700075043775536,0.8689113543320244,0.8686076582964879,0.8691849712685897,0.0005330329648509496,448,2.993951940536499,0.08408831940686577,0.11290826797485351,0.0048194914438188415,"{'n_estimators': 605, 'max_depth': 6, 'learning_rate': np.float64(0.04524540213685324), 'subsample': np.float64(0.7275530891482114), 'colsample_bytree': np.float64(0.7725093522909275), 'min_child_weight': 9}"
580,6,0.17791375052326433,0.8291201878520102,0.9944671747359404,6,0.8007954922108055,0.8029908972691807,0.7981530343007915,0.7985728186831009,0.8036951501154734,0.8008414785158704,0.0022423250009813082,532,0.977105284005387,0.9810186649794369,0.9782109183107519,0.9805502846299811,0.980218388985599,0.979420708182231,0.0015026965224526987,8,2.8996174335479736,0.04336767208488567,0.08546395301818847,0.008590370503554896,"{'n_estimators': 580, 'max_depth': 6, 'learning_rate': np.float64(0.17791375052326433), 'subsample': np.float64(0.8291201878520102), 'colsample_bytree': np.float64(0.9944671747359404), 'min_child_weight': 6}"
417,5,0.047825496997269436,0.7147893522243444,0.8467357408850122,1,0.8005445881552076,0.8054539408047888,0.8076138681169273,0.8104312938816449,0.7974211062097047,0.8042929594336548,0.004718646331200034,499,0.8512389752204956,0.8541368571669051,0.8547683008730692,0.8523461764458994,0.8531244736398854,0.853122956669251,0.0012560197199109524,498,1.8726862907409667,0.08225501322339726,0.06329092979431153,0.011498755921568717,"{'n_estimators': 417, 'max_depth': 5, 'learning_rate': np.float64(0.047825496997269436), 'subsample': np.float64(0.7147893522243444), 'colsample_bytree': np.float64(0.8467357408850122), 'min_child_weight': 1}"
540,2,0.16402008010669075,0.794741852724803,0.9184357827325575,6,0.8022980736735383,0.8075772681954138,0.7983679020741244,0.8085676037483266,0.7900235928547354,0.8013668881092277,0.006766838221127664,529,0.8208490962589323,0.8259770889487871,0.8231835363292734,0.8205387205387206,0.8233809924306139,0.8227858869012655,0.0019746878649520676,535,1.7593932628631592,0.06262627474610485,0.04545493125915527,0.013645252457200382,"{'n_estimators': 540, 'max_depth': 2, 'learning_rate': np.float64(0.16402008010669075), 'subsample': np.float64(0.794741852724803), 'colsample_bytree': np.float64(0.9184357827325575), 'min_child_weight': 6}"
575,3,0.06995622327898601,0.9186591208577617,0.9323778506704612,9,0.8002717391304348,0.8059900166389351,0.7995916978564137,0.8060504201680673,0.7912162162162162,0.8006240180020134,0.005439417276996142,535,0.8255225893459204,0.8280749114223047,0.8249178116833853,0.8256803437526329,0.8275398824517213,0.8263471077311928,0.0012308784742603304,532,2.0120243072509765,0.08051934606773693,0.04623513221740723,0.0037183178704852313,"{'n_estimators': 575, 'max_depth': 3, 'learning_rate': np.float64(0.06995622327898601), 'subsample': np.float64(0.9186591208577617), 'colsample_bytree': np.float64(0.9323778506704612), 'min_child_weight': 9}"
227,4,0.06882850390940987,0.9598418343333062,0.8288445403403935,2,0.7895095367847411,0.8022826451829473,0.797945205479452,0.7994616419919246,0.7944179714091218,0.7967234001696373,0.004410233742471818,544,0.8166342000508173,0.8176121930567316,0.8138667570774708,0.8150597812261511,0.8173883569189052,0.8161122576660151,0.0014353145217843536,543,0.8100866317749024,0.00778936309673075,0.025728368759155275,0.0031700470980831137,"{'n_estimators': 227, 'max_depth': 4, 'learning_rate': np.float64(0.06882850390940987), 'subsample': np.float64(0.9598418343333062), 'colsample_bytree': np.float64(0.8288445403403935), 'min_child_weight': 2}"
227,4,0.06882850390940987,0.7698281182242285,0.7380819985464547,3,0.7908563630160355,0.806,0.7968428277282087,0.8034934497816594,0.7929275756545393,0.7980240432360886,0.0058698413246577145,541,0.8162954179723892,0.8173117642076734,0.8171113934773401,0.8140047473719905,0.8167848699763594,0.8163016386011506,0.0011987758153438623,542,0.8670104503631592,0.009525287455201082,0.028342294692993163,0.0023980572926632165,"{'n_estimators': 227, 'max_depth': 4, 'learning_rate': np.float64(0.06882850390940987), 'subsample': np.float64(0.7698281182242285), 'colsample_bytree': np.float64(0.7380819985464547), 'min_child_weight': 3}"
580,6,0.17791375052326433,0.8291201878520102,0.9944671747359404,6,0.8007954922108055,0.8029908972691807,0.7981530343007915,0.7985728186831009,0.8036951501154734,0.8008414785158704,0.0022423250009813082,532,0.977105284005387,0.9810186649794369,0.9782109183107519,0.9805502846299811,0.980218388985599,0.979420708182231,0.0015026965224526987,8,2.8996174335479736,0.04336767208488567,0.08546395301818847,0.008590370503554896,"{'n_estimators': 580, 'max_depth': 6, 'learning_rate': np.float64(0.17791375052326433), 'subsample': np.float64(0.8291201878520102), 'colsample_bytree': np.float64(0.9944671747359404), 'min_child_weight': 6}"
227,3,0.06882850390940987,0.9598418343333062,0.8288445403403935,2,0.7836456558773425,0.7925033467202142,0.792323509252913,0.7947332883187036,0.7877758913412564,0.7901963383020859,0.003979976463967491,551,0.8022033898305084,0.8002705902249281,0.8005425108078325,0.7986787498941306,0.8028716216216216,0.8009133724758042,0.0014861446749136265,550,0.9069445610046387,0.019059749268285388,0.020378494262695314,0.0015025220466399391,"{'n_estimators': 227, 'max_depth': 3, 'learning_rate': np.float64(0.06882850390940987), 'subsample': np.float64(0.9598418343333062), 'colsample_bytree': np.float64(0.8288445403403935), 'min_child_weight': 2}"
689,2,0.016228793930772537,0.8721735995501632,0.8445989555748594,8,0.7707049965776865,0.7809652379345258,0.7789979409746054,0.7856173677069199,0.7755662319835278,0.778370355035453,0.005025282089748082,553,0.7820971867007672,0.7804585900068446,0.7804293901291591,0.7801672640382318,0.7812819638595295,0.7808868789469063,0.0007115490142734936,553,2.2533336162567137,0.04143764911844809,0.05346074104309082,0.00816048410474087,"{'n_estimators': 689, 'max_depth': 2, 'learning_rate': np.float64(0.016228793930772537), 'subsample': np.float64(0.8721735995501632), 'colsample_bytree': np.float64(0.8445989555748594), 'min_child_weight': 8}"
572,3,0.08425917518135125,0.8787062584014742,0.7666230725780069,6,0.8054607508532423,0.8071808510638298,0.8027072758037225,0.8079114984914516,0.7940480216435577,0.8034616795711607,0.005036178940989931,511,0.8319447950854162,0.834735779198923,0.8321978299268231,0.8289728274585682,0.8351814516129032,0.8326065366565267,0.002234844355658399,528,2.063790130615234,0.07952875066466425,0.057375001907348636,0.011394360844630164,"{'n_estimators': 572, 'max_depth': 3, 'learning_rate': np.float64(0.08425917518135125), 'subsample': np.float64(0.8787062584014742), 'colsample_bytree': np.float64(0.7666230725780069), 'min_child_weight': 6}"
540,2,0.16402008010669075,0.794741852724803,0.9184357827325575,3,0.8018995929443691,0.8061190555370802,0.800543662928984,0.8073455759599332,0.7910901113736079,0.8013995997487949,0.005742753131282016,528,0.8224220522733002,0.8273944907758403,0.8233414613638275,0.8214706377250547,0.8251466890192791,0.8239550662314603,0.002104691606761882,534,1.773174810409546,0.04275232057069692,0.03962826728820801,0.008945724364337947,"{'n_estimators': 540, 'max_depth': 2, 'learning_rate': np.float64(0.16402008010669075), 'subsample': np.float64(0.794741852724803), 'colsample_bytree': np.float64(0.9184357827325575), 'min_child_weight': 3}"
689,5,0.09148202493973988,0.7698281182242285,0.8445989555748594,8,0.8063978673775408,0.8101182654402103,0.8049432197728791,0.8100429468120252,0.8024032042723631,0.8067811007350038,0.0029821790615142474,370,0.900164744645799,0.9027754967975037,0.9008964553006004,0.8977338277709106,0.9014640565882547,0.9006069162206136,0.0016716110282320607,351,3.007317304611206,0.06433247969280673,0.09854316711425781,0.01211775416432664,"{'n_estimators': 689, 'max_depth': 5, 'learning_rate': np.float64(0.09148202493973988), 'subsample': np.float64(0.7698281182242285), 'colsample_bytree': np.float64(0.8445989555748594), 'min_child_weight': 8}"
580,6,0.04625908008548132,0.8291201878520102,0.9944671747359404,6,0.8075880758807588,0.8092715231788079,0.8083953960731212,0.8071689346166612,0.80350522413212,0.8071858307762939,0.001975961177685777,347,0.880413057961359,0.8823382463152636,0.8815701929474384,0.8790732561046753,0.8805136329525557,0.8807816772562583,0.0011109540940277725,410,2.901073455810547,0.08639776017798319,0.10058040618896484,0.014258925859047079,"{'n_estimators': 580, 'max_depth': 6, 'learning_rate': np.float64(0.04625908008548132), 'subsample': np.float64(0.8291201878520102), 'colsample_bytree': np.float64(0.9944671747359404), 'min_child_weight': 6}"
227,4,0.17791375052326433,0.8291201878520102,0.9944671747359404,2,0.8048615800135044,0.8114889402443051,0.8055461616503212,0.8050148465852854,0.7978363759296823,0.8049495808846195,0.0043296378125902545,475,0.8594531510503501,0.8606242697379403,0.8602096854717923,0.8588362968528258,0.8585774058577406,0.8595401617941298,0.0007814662765553464,474,0.9413726329803467,0.04044551675131036,0.02854318618774414,0.007764038350276781,"{'n_estimators': 227, 'max_depth': 4, 'learning_rate': np.float64(0.17791375052326433), 'subsample': np.float64(0.8291201878520102), 'colsample_bytree': np.float64(0.9944671747359404), 'min_child_weight': 2}"
346,6,0.04524540213685324,0.8902403754104223,0.8699881445863519,8,0.807495741056218,0.8080133555926544,0.8036747192922763,0.8096676737160121,0.8014930437733289,0.8060689066860979,0.003014581784551612,412,0.8420253164556962,0.8453556061756518,0.8427641038653472,0.8420785804816223,0.8464198363835709,0.8437286886723776,0.0018134990689622223,517,1.7161005973815917,0.07096878805749396,0.06202054023742676,0.004363205078714598,"{'n_estimators': 346, 'max_depth': 6, 'learning_rate': np.float64(0.04524540213685324), 'subsample': np.float64(0.8902403754104223), 'colsample_bytree': np.float64(0.8699881445863519), 'min_child_weight': 8}"
559,7,0.16137052139275213,0.9277188666622199,0.9110021255964289,5,0.8019933554817276,0.8001304206064558,0.805048156758552,0.8074412532637075,0.8021108179419525,0.8033448008104791,0.002583164821680376,512,0.9941153393487642,0.9938833124215809,0.9913522012578616,0.9918277542039918,0.992696143878112,0.9927749502220621,0.001091120078445248,4,2.926385259628296,0.09934937532280592,0.11317548751831055,0.010189891788615525,"{'n_estimators': 559, 'max_depth': 7, 'learning_rate': np.float64(0.16137052139275213), 'subsample': np.float64(0.9277188666622199), 'colsample_bytree': np.float64(0.9110021255964289), 'min_child_weight': 5}"
315,6,0.09148202493973988,0.7698281182242285,0.7357107144454987,3,0.8102288021534321,0.8089887640449438,0.8058088483620398,0.8065268065268065,0.8041652670473631,0.8071436976269171,0.0021888611620207573,349,0.8940435755115567,0.8956212234086582,0.8961017509084902,0.895042281545349,0.8964202850513755,0.8954458232850859,0.0008413948821488993,364,1.6364301204681397,0.020211425523458254,0.05152187347412109,0.006833382779994026,"{'n_estimators': 315, 'max_depth': 6, 'learning_rate': np.float64(0.09148202493973988), 'subsample': np.float64(0.7698281182242285), 'colsample_bytree': np.float64(0.7357107144454987), 'min_child_weight': 3}"
575,2,0.06995622327898601,0.9186591208577617,0.9323778506704612,9,0.7898132427843803,0.7975871313672922,0.7923627684964201,0.8013400335008375,0.7912162162162162,0.7944638784730292,0.004327276330086743,547,0.8059499661933739,0.8059046815689582,0.8035487959442332,0.8029406793983438,0.8061387975377351,0.8048965841285287,0.0013646292303212935,546,1.9216021060943604,0.04715176039920663,0.04770879745483399,0.006065333623080198,"{'n_estimators': 575, 'max_depth': 2, 'learning_rate': np.float64(0.06995622327898601), 'subsample': np.float64(0.9186591208577617), 'colsample_bytree': np.float64(0.9323778506704612), 'min_child_weight': 9}"
249,6,0.13469219814630662,0.7627171946597794,0.7357107144454987,2,0.8072531900604433,0.8115942028985508,0.8043257857384252,0.8055555555555556,0.8032074841296358,0.8063872436765219,0.0029296577348492327,395,0.912003943800838,0.9135396994827162,0.9160192983890751,0.9134607497334098,0.9132644695851779,0.9136576321982434,0.001305327559143208,332,1.322410249710083,0.04227074653996082,0.047467279434204104,0.0076476865048693875,"{'n_estimators': 249, 'max_depth': 6, 'learning_rate': np.float64(0.13469219814630662), 'subsample': np.float64(0.7627171946597794), 'colsample_bytree': np.float64(0.7357107144454987), 'min_child_weight': 2}"
587,5,0.16453898367056088,0.7868847507357761,0.9906378765545018,10,0.8064836255375455,0.811443433029909,0.8,0.8061760840998686,0.8007902535396774,0.8049786792414,0.004190986522121129,473,0.9222384903204816,0.923939541686982,0.9255232841148792,0.9264371549204287,0.9259770862110994,0.9248231114507741,0.001541946675057523,57,2.5535902976989746,0.04520810026686714,0.07324891090393067,0.01406710824556814,"{'n_estimators': 587, 'max_depth': 5, 'learning_rate': np.float64(0.16453898367056088), 'subsample': np.float64(0.7868847507357761), 'colsample_bytree': np.float64(0.9906378765545018), 'min_child_weight': 10}"
425,2,0.09148202493973988,0.7698281182242285,0.7380819985464547,5,0.786342123056119,0.7990685296074518,0.7960837272113437,0.8001332445036642,0.7913425769360839,0.7945940402629326,0.005130090780346291,546,0.8054596006403235,0.8059600976513175,0.8050462573591253,0.8000672890907562,0.8063401062305033,0.8045746701944051,0.002296003240306702,547,1.4267155647277832,0.06272101255371314,0.0384249210357666,0.004490659564905185,"{'n_estimators': 425, 'max_depth': 2, 'learning_rate': np.float64(0.09148202493973988), 'subsample': np.float64(0.7698281182242285), 'colsample_bytree': np.float64(0.7380819985464547), 'min_child_weight': 5}"
540,2,0.16402008010669075,0.794741852724803,0.7936676663707799,6,0.8001366586949095,0.8026578073089701,0.799051169095222,0.808695652173913,0.7905723905723906,0.800222735569081,0.005869054880590741,537,0.8219409282700422,0.8240148198046481,0.8217680208596181,0.8198789101917255,0.824960161033297,0.8225125680318662,0.0017924702517706857,536,1.7824966430664062,0.11413891935934622,0.041513490676879886,0.010539931104332746,"{'n_estimators': 540, 'max_depth': 2, 'learning_rate': np.float64(0.16402008010669075), 'subsample': np.float64(0.794741852724803), 'colsample_bytree': np.float64(0.7936676663707799), 'min_child_weight': 6}"
227,4,0.16453898367056088,0.9598418343333062,0.8288445403403935,2,0.8025912035458574,0.8066225165562914,0.8048698004734528,0.8139767054908486,0.8033613445378152,0.806284314120853,0.004085851970830766,400,0.8509389671361502,0.8544388609715243,0.8547752573867916,0.8503475420819027,0.8542276490758551,0.8529456553304449,0.001897240348283934,499,0.9355913639068604,0.04323008885651707,0.027269458770751952,0.00639961940005902,"{'n_estimators': 227, 'max_depth': 4, 'learning_rate': np.float64(0.16453898367056088), 'subsample': np.float64(0.9598418343333062), 'colsample_bytree': np.float64(0.8288445403403935), 'min_child_weight': 2}"
417,5,0.08425917518135125,0.8787062584014742,0.7971259835204482,1,0.8044654939106901,0.8106135986733002,0.8064952638700947,0.8099502487562189,0.7998654557685839,0.8062780121957775,0.003917548524667729,401,0.8891472224528771,0.8889258120794218,0.8876190476190476,0.8871195156340715,0.8871679573653094,0.8879959110301454,0.0008701535663958353,393,1.8841858863830567,0.03439840290272151,0.05484790802001953,0.012814636120126842,"{'n_estimators': 417, 'max_depth': 5, 'learning_rate': np.float64(0.08425917518135125), 'subsample': np.float64(0.8787062584014742), 'colsample_bytree': np.float64(0.7971259835204482), 'min_child_weight': 1}"
436,5,0.16453898367056088,0.7868847507357761,0.7247667995666672,9,0.8038628038628038,0.8077810748433893,0.807666886979511,0.8101761252446184,0.8066445182724252,0.8072262818405495,0.0020422995484984316,341,0.8992758393680053,0.9010754453657335,0.9038493038493038,0.8999753836054812,0.902346955522731,0.901304585542251,0.0016429985080443333,345,2.0176175594329835,0.04250999461502324,0.059167337417602536,0.007786011335754252,"{'n_estimators': 436, 'max_depth': 5, 'learning_rate': np.float64(0.16453898367056088), 'subsample': np.float64(0.7868847507357761), 'colsample_bytree': np.float64(0.7247667995666672), 'min_child_weight': 9}"
540,6,0.16137052139275213,0.8458862581292529,0.9184357827325575,6,0.8027934818756235,0.7997390737116764,0.8003972194637538,0.8067664281067014,0.8018524644392987,0.8023097335194107,0.0024727003857458038,522,0.9649290610553164,0.9687748924645532,0.9668768457179344,0.9684512428298279,0.9692430278884462,0.9676550139912156,0.0015777364524253794,29,2.561194896697998,0.08664634949789347,0.09008092880249023,0.012949229155818868,"{'n_estimators': 540, 'max_depth': 6, 'learning_rate': np.float64(0.16137052139275213), 'subsample': np.float64(0.8458862581292529), 'colsample_bytree': np.float64(0.9184357827325575), 'min_child_weight': 6}"
436,5,0.016228793930772537,0.8721735995501632,0.9906378765545018,9,0.7863013698630137,0.796077105174163,0.791867677463818,0.793726559836345,0.7895997263085871,0.7915144877291852,0.003366849955954298,549,0.802354346157127,0.8007547817136976,0.8017101325352715,0.8004797395699478,0.8035928143712575,0.8017783628694601,0.001128076879917165,549,2.103357124328613,0.0664776868300534,0.06922774314880371,0.0036354732576095897,"{'n_estimators': 436, 'max_depth': 5, 'learning_rate': np.float64(0.016228793930772537), 'subsample': np.float64(0.8721735995501632), 'colsample_bytree': np.float64(0.9906378765545018), 'min_child_weight': 9}"
425,2,0.1642074976456099,0.9271568179505945,0.7936676663707799,5,0.8012253233492171,0.8010680907877169,0.7993197278911565,0.805247225025227,0.7933828494260635,0.8000486432958762,0.0038578031757818157,539,0.8177762814577898,0.8192771084337349,0.8176842105263158,0.8143267443824971,0.8194842406876791,0.8177097170976033,0.0018469020202866752,538,1.41874041557312,0.06576999671991367,0.030440521240234376,0.01152308141732129,"{'n_estimators': 425, 'max_depth': 2, 'learning_rate': np.float64(0.1642074976456099), 'subsample': np.float64(0.9271568179505945), 'colsample_bytree': np.float64(0.7936676663707799), 'min_child_weight': 5}"
315,6,0.0647589093090525,0.7698281182242285,0.7380819985464547,3,0.8020408163265306,0.8078719146097398,0.8068143100511074,0.8123118099698896,0.8031123139377537,0.8064302329790042,0.003663180976548492,392,0.870023419203747,0.8704107292539816,0.872742474916388,0.8702571404640255,0.8717733825008381,0.871041429267796,0.0010467614589394255,444,1.5984060764312744,0.08842045524403169,0.05893659591674805,0.005030762989364175,"{'n_estimators': 315, 'max_depth': 6, 'learning_rate': np.float64(0.0647589093090525), 'subsample': np.float64(0.7698281182242285), 'colsample_bytree': np.float64(0.7380819985464547), 'min_child_weight': 3}"
346,7,0.06105450329101332,0.8902403754104223,0.8467357408850122,1,0.805291723202171,0.8082419408441343,0.8078884733083985,0.8099667774086379,0.8091706001348618,0.8081119029796406,0.0015862940115415624,275,0.9164811608541512,0.9224710804824021,0.9208278580814717,0.9208668527335413,0.9177225604739181,0.9196739025250968,0.0022172182269159625,78,2.0011305809020996,0.08572997725820003,0.06535477638244629,0.01033163325019707,"{'n_estimators': 346, 'max_depth': 7, 'learning_rate': np.float64(0.06105450329101332), 'subsample': np.float64(0.8902403754104223), 'colsample_bytree': np.float64(0.8467357408850122), 'min_child_weight': 1}"
587,5,0.1642074976456099,0.9246494643536243,0.7959029036426779,10,0.8087795144662454,0.8057742782152231,0.8019900497512438,0.8085667215815486,0.8025140588819054,0.8055249245792332,0.00287985117214821,453,0.9213995117982099,0.9188221896860257,0.9176240527988266,0.9168366930547621,0.9186759297098488,0.9186716754095346,0.0015445670841159847,92,2.3943982124328613,0.04397453375700825,0.0752030849456787,0.012528647343732132,"{'n_estimators': 587, 'max_depth': 5, 'learning_rate': np.float64(0.1642074976456099), 'subsample': np.float64(0.9246494643536243), 'colsample_bytree': np.float64(0.7959029036426779), 'min_child_weight': 10}"
436,5,0.16137052139275213,0.7868847507357761,0.9906378765545018,9,0.8065268065268065,0.8060189728491985,0.8019933554817276,0.8077682685977617,0.8019900497512438,0.8048594906413475,0.0024097199931509645,481,0.9059633027522935,0.906929069290693,0.9061009702351587,0.9073466710396851,0.9087785322752189,0.9070237091186097,0.001016717671649406,338,1.8400164604187013,0.12581261798332025,0.05001745223999023,0.011899113269075653,"{'n_estimators': 436, 'max_depth': 5, 'learning_rate': np.float64(0.16137052139275213), 'subsample': np.float64(0.7868847507357761), 'colsample_bytree': np.float64(0.9906378765545018), 'min_child_weight': 9}"
626,5,0.04625908008548132,0.9099010106178466,0.8622309605881475,9,0.8089734874235214,0.8096032010670223,0.8042076688157448,0.8089214380825566,0.8013513513513514,0.8066114293480393,0.0032653527206677065,384,0.8527313921288915,0.8534005037783375,0.8524645226299438,0.8511639633582654,0.8544128740256475,0.8528346511842171,0.0010723648526936962,504,2.564507484436035,0.24249815629964436,0.07551589012145996,0.008989306024810649,"{'n_estimators': 626, 'max_depth': 5, 'learning_rate': np.float64(0.04625908008548132), 'subsample': np.float64(0.9099010106178466), 'colsample_bytree': np.float64(0.8622309605881475), 'min_child_weight': 9}"
540,2,0.16402008010669075,0.794741852724803,0.9184357827325575,10,0.801765105227427,0.8051948051948052,0.7994579945799458,0.8066666666666666,0.7898819561551433,0.8005933055647976,0.0059237583606359355,536,0.8219846814241225,0.8236284079434534,0.8227677820749958,0.8201390634162687,0.8235294117647058,0.8224098693247093,0.0012809104107435244,537,1.8336807250976563,0.049440052345899245,0.04548492431640625,0.0069790528237263574,"{'n_estimators': 540, 'max_depth': 2, 'learning_rate': np.float64(0.16402008010669075), 'subsample': np.float64(0.794741852724803), 'colsample_bytree': np.float64(0.9184357827325575), 'min_child_weight': 10}"
274,5,0.035344643747636566,0.7147893522243444,0.8467357408850122,1,0.7919233401779603,0.8041652670473631,0.7969769838543456,0.8012149848126898,0.7949591280653951,0.7978479407915507,0.004369217180376497,543,0.8183822282516534,0.8173469387755102,0.817603663190028,0.8156348462914077,0.8186995325116873,0.8175334418040574,0.0010700079733723315,539,1.3418039321899413,0.04147230139165504,0.037633085250854494,0.004519215493230363,"{'n_estimators': 274, 'max_depth': 5, 'learning_rate': np.float64(0.035344643747636566), 'subsample': np.float64(0.7147893522243444), 'colsample_bytree': np.float64(0.8467357408850122), 'min_child_weight': 1}"
305,7,0.0400304154261769,0.7147893522243444,0.8467357408850122,1,0.800818553888131,0.8073333333333333,0.8083647583133357,0.8061497326203209,0.801358234295416,0.8048049224901075,0.0031191217003847544,482,0.8726023955105118,0.8725959519610313,0.8728066493157586,0.8682378595990942,0.8720490632613627,0.8716583839295516,0.0017286597184730385,443,1.8681076049804688,0.0800433152632789,0.06626439094543457,0.004241388257480199,"{'n_estimators': 305, 'max_depth': 7, 'learning_rate': np.float64(0.0400304154261769), 'subsample': np.float64(0.7147893522243444), 'colsample_bytree': np.float64(0.8467357408850122), 'min_child_weight': 1}"
540,3,0.06995622327898601,0.794741852724803,0.9184357827325575,6,0.8018995929443691,0.8031968031968032,0.8024398508980006,0.8074991630398393,0.7959459459459459,0.8021962712049916,0.003696907923651042,523,0.8247978436657682,0.8284392090870846,0.8268485767222503,0.825391480047146,0.8283269004866588,0.8267608020017816,0.001483621734422528,531,2.0174491882324217,0.044289657693147355,0.04824423789978027,0.011310488779322345,"{'n_estimators': 540, 'max_depth': 3, 'learning_rate': np.float64(0.06995622327898601), 'subsample': np.float64(0.794741852724803), 'colsample_bytree': np.float64(0.9184357827325575), 'min_child_weight': 6}"
605,6,0.1642074976456099,0.9246494643536243,0.7610981398906431,5,0.8070059484467944,0.8052545155993431,0.803818301514154,0.8057460006529547,0.8011889035667107,0.8046027339559914,0.0019888132201081425,491,0.9769950817071236,0.9773015873015873,0.9749463135289907,0.975880672802285,0.9766777724892908,0.9763602855658554,0.0008507829769369173,11,2.675456476211548,0.10971234699388778,0.0996241569519043,0.012597574801065327,"{'n_estimators': 605, 'max_depth': 6, 'learning_rate': np.float64(0.1642074976456099), 'subsample': np.float64(0.9246494643536243), 'colsample_bytree': np.float64(0.7610981398906431), 'min_child_weight': 5}"
572,2,0.10104937313261159,0.9271568179505945,0.7971259835204482,6,0.7971506105834464,0.8026666666666666,0.8014955812372536,0.8032128514056225,0.7951482479784366,0.7999347915742852,0.0032033590349799155,540,0.8153380423814329,0.8147272420199291,0.8133591970987603,0.8109838274932615,0.8148023549201009,0.8138421327826968,0.0015713896044596235,544,1.828432846069336,0.06811594505610534,0.04451909065246582,0.010590048224237083,"{'n_estimators': 572, 'max_depth': 2, 'learning_rate': np.float64(0.10104937313261159), 'subsample': np.float64(0.9271568179505945), 'colsample_bytree': np.float64(0.7971259835204482), 'min_child_weight': 6}"
689,5,0.047825496997269436,0.7147893522243444,0.8467357408850122,1,0.8101180438448566,0.8092868988391376,0.8090571138898276,0.8115653040877367,0.8017532029669588,0.8083561127257035,0.003416416051068125,253,0.8866937826844857,0.8876516536479974,0.8893306825712393,0.8861201096436581,0.8878722342372317,0.8875336925569224,0.001101032574119244,394,3.117752456665039,0.13650060010555812,0.09741153717041015,0.017526010319317713,"{'n_estimators': 689, 'max_depth': 5, 'learning_rate': np.float64(0.047825496997269436), 'subsample': np.float64(0.7147893522243444), 'colsample_bytree': np.float64(0.8467357408850122), 'min_child_weight': 1}"
587,5,0.04625908008548132,0.9099010106178466,0.7959029036426779,10,0.8065395095367848,0.8105403602401601,0.8054237288135593,0.8077566031427617,0.7985125084516566,0.8057545420369845,0.0040021235953095185,438,0.8491516882244247,0.8475517415446744,0.8473320989732368,0.8459920935318361,0.84790459393634,0.8475864432421023,0.001015781269020469,512,2.9803521633148193,0.11052784430999274,0.06924409866333008,0.012492775476398477,"{'n_estimators': 587, 'max_depth': 5, 'learning_rate': np.float64(0.04625908008548132), 'subsample': np.float64(0.9099010106178466), 'colsample_bytree': np.float64(0.7959029036426779), 'min_child_weight': 10}"
346,7,0.13469219814630662,0.7627171946597794,0.7357107144454987,2,0.7993265993265993,0.801311475409836,0.7978545088836742,0.8059113300492611,0.8019966722129783,0.8012801171764699,0.0027391090265882472,531,0.9768364270982072,0.9805133079847909,0.9780106374533619,0.9795594992869593,0.9785986049461002,0.9787036953538839,0.0012637374910753746,10,1.9658791065216064,0.0817331697988379,0.07143840789794922,0.010884674677661122,"{'n_estimators': 346, 'max_depth': 7, 'learning_rate': np.float64(0.13469219814630662), 'subsample': np.float64(0.7627171946597794), 'colsample_bytree': np.float64(0.7357107144454987), 'min_child_weight': 2}"
315,6,0.0647589093090525,0.7698281182242285,0.7380819985464547,3,0.8020408163265306,0.8078719146097398,0.8068143100511074,0.8123118099698896,0.8031123139377537,0.8064302329790042,0.003663180976548492,392,0.870023419203747,0.8704107292539816,0.872742474916388,0.8702571404640255,0.8717733825008381,0.871041429267796,0.0010467614589394255,444,1.5984060764312744,0.08842045524403169,0.05893659591674805,0.005030762989364175,"{'n_estimators': 315, 'max_depth': 6, 'learning_rate': np.float64(0.0647589093090525), 'subsample': np.float64(0.7698281182242285), 'colsample_bytree': np.float64(0.7380819985464547), 'min_child_weight': 3}"
587,5,0.04625908008548132,0.9099010106178466,0.7959029036426779,10,0.8065395095367848,0.8105403602401601,0.8054237288135593,0.8077566031427617,0.7985125084516566,0.8057545420369845,0.0040021235953095185,438,0.8491516882244247,0.8475517415446744,0.8473320989732368,0.8459920935318361,0.84790459393634,0.8475864432421023,0.001015781269020469,512,2.9803521633148193,0.11052784430999274,0.06924409866333008,0.012492775476398477,"{'n_estimators': 587, 'max_depth': 5, 'learning_rate': np.float64(0.04625908008548132), 'subsample': np.float64(0.9099010106178466), 'colsample_bytree': np.float64(0.7959029036426779), 'min_child_weight': 10}"
587,5,0.04625908008548132,0.7698281182242285,0.7959029036426779,10,0.8078884733083985,0.8079866888519135,0.8029891304347826,0.8056018672890963,0.8001352722353737,0.8049202864239129,0.003010090827411679,477,0.8489425981873112,0.8503618919373843,0.8493657061245065,0.8476030277544154,0.8514851485148515,0.849551674503694,0.0013113013682893087,510,2.5299517631530763,0.0940322732879945,0.07703423500061035,0.01071910005474191,"{'n_estimators': 587, 'max_depth': 5, 'learning_rate': np.float64(0.04625908008548132), 'subsample': np.float64(0.7698281182242285), 'colsample_bytree': np.float64(0.7959029036426779), 'min_child_weight': 10}"
346,6,0.0647589093090525,0.8902403754104223,0.8467357408850122,1,0.8036622583926755,0.8129973474801061,0.8054421768707483,0.8094761428094761,0.8008116334122422,0.8064779117930497,0.004303482136471503,389,0.8889073535521396,0.8927502494180246,0.8925962815405046,0.8882974299259753,0.8909257561869844,0.8906954141247256,0.0018350036135820716,383,1.6835340499877929,0.11447413602261097,0.06146821975708008,0.010318838255796742,"{'n_estimators': 346, 'max_depth': 6, 'learning_rate': np.float64(0.0647589093090525), 'subsample': np.float64(0.8902403754104223), 'colsample_bytree': np.float64(0.8467357408850122), 'min_child_weight': 1}"
689,5,0.10692048777748797,0.7815294203054637,0.8622309605881475,9,0.8076152304609219,0.8103335513407456,0.8,0.8086927889364505,0.8076923076923077,0.8068667756860852,0.0035706345037412974,363,0.9057935335631052,0.9119162509200949,0.907988529291274,0.90501968503937,0.9082117685625307,0.9077859534752749,0.0024043165597875276,336,2.893274259567261,0.15454364115679978,0.08638625144958496,0.01723985797409725,"{'n_estimators': 689, 'max_depth': 5, 'learning_rate': np.float64(0.10692048777748797), 'subsample': np.float64(0.7815294203054637), 'colsample_bytree': np.float64(0.8622309605881475), 'min_child_weight': 9}"
315,6,0.0647589093090525,0.7698281182242285,0.7380819985464547,10,0.8042219952332312,0.8110262371305215,0.8066373179817136,0.8056112224448898,0.8008088978766431,0.8056611341333998,0.0033273134423268576,449,0.8518704915282671,0.8514535372206352,0.8527066722618548,0.8501595834033261,0.8537628995721117,0.851990636797239,0.001209073157587363,506,1.4917920112609864,0.030163366035135728,0.051428604125976565,0.01056192682708458,"{'n_estimators': 315, 'max_depth': 6, 'learning_rate': np.float64(0.0647589093090525), 'subsample': np.float64(0.7698281182242285), 'colsample_bytree': np.float64(0.7380819985464547), 'min_child_weight': 10}"
587,5,0.04625908008548132,0.8902403754104223,0.8467357408850122,10,0.8078750848608283,0.807845744680851,0.7980965329707682,0.8074991630398393,0.7981157469717362,0.8038864545048046,0.004721463132901805,506,0.8486836571620826,0.8487041400201952,0.8503195425496132,0.8486277151035528,0.849545607539549,0.8491761324749986,0.0006648261196104014,511,2.396947145462036,0.08638870257818879,0.08154168128967285,0.013043849496171912,"{'n_estimators': 587, 'max_depth': 5, 'learning_rate': np.float64(0.04625908008548132), 'subsample': np.float64(0.8902403754104223), 'colsample_bytree': np.float64(0.8467357408850122), 'min_child_weight': 10}"
572,5,0.047825496997269436,0.7147893522243444,0.8467357408850122,1,0.8087986463620981,0.8107569721115537,0.8087986463620981,0.8127702028599934,0.8004066418163335,0.8083062219024153,0.0042147747700350445,267,0.8714226115978306,0.8743315508021391,0.8746350821586454,0.8730582929680976,0.8743525480367585,0.8735600171126942,0.0011999469825632444,441,2.5255381584167482,0.07000640659780077,0.08352303504943848,0.01054885491633231,"{'n_estimators': 572, 'max_depth': 5, 'learning_rate': np.float64(0.047825496997269436), 'subsample': np.float64(0.7147893522243444), 'colsample_bytree': np.float64(0.8467357408850122), 'min_child_weight': 1}"
346,7,0.16453898367056088,0.7868847507357761,0.7247667995666672,9,0.805186170212766,0.8070519098922625,0.8014608233731739,0.8058727569331158,0.7949568679495687,0.8029057056721773,0.0043924168094321495,519,0.938101788170564,0.9434114143121629,0.9398642095053347,0.9388183948921037,0.9386468353407162,0.9397685284441764,0.0019088606359525598,47,1.7600996971130372,0.07756939721595728,0.0646791934967041,0.003170509740643717,"{'n_estimators': 346, 'max_depth': 7, 'learning_rate': np.float64(0.16453898367056088), 'subsample': np.float64(0.7868847507357761), 'colsample_bytree': np.float64(0.7247667995666672), 'min_child_weight': 9}"
494,7,0.06105450329101332,0.8902403754104223,0.8467357408850122,1,0.8078088185796028,0.8092561983471075,0.8067681895093063,0.8092409240924092,0.8046979865771812,0.8075544234211215,0.0017077724975613914,325,0.9526421944332392,0.9567389027632321,0.9552695092518101,0.9557023195876289,0.9554571083366895,0.9551620068745199,0.0013584281243492872,36,2.740197515487671,0.10045606145093103,0.0928380012512207,0.019507966609015808,"{'n_estimators': 494, 'max_depth': 7, 'learning_rate': np.float64(0.06105450329101332), 'subsample': np.float64(0.8902403754104223), 'colsample_bytree': np.float64(0.8467357408850122), 'min_child_weight': 1}"
587,5,0.10692048777748797,0.7815294203054637,0.7959029036426779,10,0.8097139055222887,0.8038120276043378,0.8077695914266577,0.807502467917078,0.7997320830542531,0.805706015104923,0.003544681321019691,445,0.8911822985468957,0.8953526697429136,0.8946632678233698,0.890136194799835,0.8931398416886543,0.8928948545203337,0.0019885276667425443,377,2.455786609649658,0.10503861524900773,0.0746345043182373,0.01533677803642622,"{'n_estimators': 587, 'max_depth': 5, 'learning_rate': np.float64(0.10692048777748797), 'subsample': np.float64(0.7815294203054637), 'colsample_bytree': np.float64(0.7959029036426779), 'min_child_weight': 10}"
417,5,0.06105450329101332,0.8902403754104223,0.7971259835204482,1,0.8084382443007826,0.808269423141047,0.8093781855249745,0.8061600267827251,0.7991886409736308,0.8062869041446321,0.0037017861775316143,399,0.8658138951592677,0.8677630474911898,0.8681263580143741,0.8656841400100486,0.8674779689467058,0.8669730819243172,0.0010211843571796698,450,1.8257172584533692,0.11009545279179485,0.0594271183013916,0.01145517843445704,"{'n_estimators': 417, 'max_depth': 5, 'learning_rate': np.float64(0.06105450329101332), 'subsample': np.float64(0.8902403754104223), 'colsample_bytree': np.float64(0.7971259835204482), 'min_child_weight': 1}"
437,5,0.04625908008548132,0.9099010106178466,0.8622309605881475,9,0.8046448087431693,0.8064192577733199,0.8069340584636302,0.8079247817327065,0.7970128988458928,0.8045871611117438,0.003933878210835439,493,0.8368327852264104,0.8373702422145328,0.8354024153365425,0.8379793884102045,0.8375780064091752,0.8370325675193729,0.0008950202998081586,525,1.8989912033081056,0.020557729952649692,0.061353874206542966,0.00776677576240318,"{'n_estimators': 437, 'max_depth': 5, 'learning_rate': np.float64(0.04625908008548132), 'subsample': np.float64(0.9099010106178466), 'colsample_bytree': np.float64(0.8622309605881475), 'min_child_weight': 9}"
315,6,0.09148202493973988,0.7698281182242285,0.7380819985464547,3,0.8102288021534321,0.8089887640449438,0.8058088483620398,0.8065268065268065,0.8041652670473631,0.8071436976269171,0.0021888611620207573,349,0.8940435755115567,0.8956212234086582,0.8961017509084902,0.895042281545349,0.8964202850513755,0.8954458232850859,0.0008413948821488993,364,1.9313264846801759,0.023975080571224244,0.060910511016845706,0.009126573280411616,"{'n_estimators': 315, 'max_depth': 6, 'learning_rate': np.float64(0.09148202493973988), 'subsample': np.float64(0.7698281182242285), 'colsample_bytree': np.float64(0.7380819985464547), 'min_child_weight': 3}"
626,5,0.08425917518135125,0.8787062584014742,0.7971259835204482,6,0.8057990559676331,0.8093977498345467,0.8005381769256643,0.811078140454995,0.8046744574290484,0.8062975161223775,0.0037018532685761927,398,0.8951986754966887,0.8977235235895744,0.8943586355001238,0.894854216568927,0.8959298477829252,0.8956129797876479,0.0011726508197683124,363,2.6834543228149412,0.11725598953374433,0.09045619964599609,0.0040775966461500295,"{'n_estimators': 626, 'max_depth': 5, 'learning_rate': np.float64(0.08425917518135125), 'subsample': np.float64(0.8787062584014742), 'colsample_bytree': np.float64(0.7971259835204482), 'min_child_weight': 6}"
689,6,0.09148202493973988,0.7698281182242285,0.8445989555748594,8,0.8066445182724252,0.8041980977369629,0.8038757099899766,0.8061964403427818,0.8014584023864766,0.8044746337457246,0.0018550390970940099,495,0.9310820683497038,0.9343491651807424,0.9316558441558441,0.9321965083231831,0.9321112823424447,0.9322789736703836,0.001108285752238872,48,3.294200325012207,0.11005649026793213,0.11884512901306152,0.015980673132602673,"{'n_estimators': 689, 'max_depth': 6, 'learning_rate': np.float64(0.09148202493973988), 'subsample': np.float64(0.7698281182242285), 'colsample_bytree': np.float64(0.8445989555748594), 'min_child_weight': 8}"
346,7,0.11145478741087586,0.8902403754104223,0.8699881445863519,8,0.8056018672890963,0.8077555044364114,0.806841046277666,0.8102020536601524,0.7995971802618328,0.8059995303850318,0.003538389994969468,417,0.9188128525876871,0.9202423845397969,0.9159643237050977,0.9156547423695438,0.917456685191239,0.917626197678673,0.0017279918511810832,104,1.772999143600464,0.030869135060419297,0.07136597633361816,0.007649825592206917,"{'n_estimators': 346, 'max_depth': 7, 'learning_rate': np.float64(0.11145478741087586), 'subsample': np.float64(0.8902403754104223), 'colsample_bytree': np.float64(0.8699881445863519), 'min_child_weight': 8}"
587,5,0.04625908008548132,0.7627171946597794,0.7959029036426779,10,0.8062648961525366,0.8102359587902958,0.8065062690613352,0.8068295949112823,0.8006768189509307,0.806102707573276,0.0030738108327329635,410,0.8505785678349824,0.8494786411032627,0.8504955484629598,0.8485663835869839,0.8511994631773192,0.8500637208331016,0.0009301387346609473,509,2.5839423179626464,0.08892547395033164,0.0697413444519043,0.0030586701675678644,"{'n_estimators': 587, 'max_depth': 5, 'learning_rate': np.float64(0.04625908008548132), 'subsample': np.float64(0.7627171946597794), 'colsample_bytree': np.float64(0.7959029036426779), 'min_child_weight': 10}"
249,6,0.13469219814630662,0.7627171946597794,0.7959029036426779,10,0.8052208835341366,0.8098846787479407,0.8030913978494624,0.8035773434912222,0.7965194109772423,0.8036587429200008,0.004301188838377574,508,0.8760056398772498,0.8849425951928637,0.8797347699958558,0.8739119621984581,0.8775628787249937,0.8784315691978841,0.003772489773685218,416,1.2550267219543456,0.04414301366006988,0.04658665657043457,0.008099803199608319,"{'n_estimators': 249, 'max_depth': 6, 'learning_rate': np.float64(0.13469219814630662), 'subsample': np.float64(0.7627171946597794), 'colsample_bytree': np.float64(0.7959029036426779), 'min_child_weight': 10}"
436,5,0.16453898367056088,0.7868847507357761,0.7247667995666672,9,0.8038628038628038,0.8077810748433893,0.807666886979511,0.8101761252446184,0.8066445182724252,0.8072262818405495,0.0020422995484984316,341,0.8992758393680053,0.9010754453657335,0.9038493038493038,0.8999753836054812,0.902346955522731,0.901304585542251,0.0016429985080443333,345,2.0176175594329835,0.04250999461502324,0.059167337417602536,0.007786011335754252,"{'n_estimators': 436, 'max_depth': 5, 'learning_rate': np.float64(0.16453898367056088), 'subsample': np.float64(0.7868847507357761), 'colsample_bytree': np.float64(0.7247667995666672), 'min_child_weight': 9}"
436,5,0.08425917518135125,0.8787062584014742,0.7971259835204482,1,0.803921568627451,0.8135368281353683,0.8063534978033119,0.8084824387011266,0.7990591397849462,0.8062706946104408,0.004800422493459929,402,0.8917282004480213,0.8923000331895121,0.8924731182795699,0.8899378881987577,0.891141764999169,0.8915162010230061,0.0009172023729253657,382,1.94339017868042,0.06306070053504623,0.06841239929199219,0.005896313294457601,"{'n_estimators': 436, 'max_depth': 5, 'learning_rate': np.float64(0.08425917518135125), 'subsample': np.float64(0.8787062584014742), 'colsample_bytree': np.float64(0.7971259835204482), 'min_child_weight': 1}"
315,6,0.09148202493973988,0.7627171946597794,0.7357107144454987,2,0.8060810810810811,0.8099502487562189,0.8087542087542088,0.8087795144662454,0.8002685464921114,0.8067667199099733,0.003488055851585184,374,0.9019445593711213,0.9009589947089947,0.9026986877940084,0.9040666501691,0.9021748118746382,0.9023687407835725,0.001019478650912838,344,1.6586899280548095,0.08127113741885045,0.05812005996704102,0.006182026000933735,"{'n_estimators': 315, 'max_depth': 6, 'learning_rate': np.float64(0.09148202493973988), 'subsample': np.float64(0.7627171946597794), 'colsample_bytree': np.float64(0.7357107144454987), 'min_child_weight': 2}"
417,5,0.16453898367056088,0.7868847507357761,0.7247667995666672,9,0.8050565535595475,0.8077682685977617,0.8082282680822827,0.8118876551273677,0.8058316766070245,0.8077544843947967,0.002378393654207249,316,0.8975963121501481,0.8980027944439878,0.9006970069700697,0.898039537363629,0.8999671484888305,0.8988605598833329,0.001233307593575916,359,1.8772149562835694,0.03682395096560462,0.061151981353759766,0.007424735584416304,"{'n_estimators': 417, 'max_depth': 5, 'learning_rate': np.float64(0.16453898367056088), 'subsample': np.float64(0.7868847507357761), 'colsample_bytree': np.float64(0.7247667995666672), 'min_child_weight': 9}"
587,5,0.047825496997269436,0.7147893522243444,0.8467357408850122,1,0.8100237047070775,0.8096977748256393,0.8089279675346636,0.8128946493851777,0.7995930824008138,0.8082274357706745,0.0045213751186962475,271,0.8734061171764314,0.875888006686168,0.8768858881387014,0.8732982544057463,0.877368728608398,0.875369399003089,0.0017152333702461651,431,2.758384943008423,0.054609311814661506,0.07998247146606445,0.013401235929386766,"{'n_estimators': 587, 'max_depth': 5, 'learning_rate': np.float64(0.047825496997269436), 'subsample': np.float64(0.7147893522243444), 'colsample_bytree': np.float64(0.8467357408850122), 'min_child_weight': 1}"
587,5,0.06105450329101332,0.9099010106178466,0.7959029036426779,10,0.8100237047070775,0.8107569721115537,0.8092016238159675,0.8106489184692179,0.800941492938803,0.808314542408524,0.0037278621786800132,261,0.8598209055151058,0.8607489134068873,0.8592704149933066,0.8572625932444892,0.8615641990798829,0.8597334052479344,0.00146355670235253,468,2.5708566665649415,0.07661238489489783,0.08117742538452148,0.012996268706436541,"{'n_estimators': 587, 'max_depth': 5, 'learning_rate': np.float64(0.06105450329101332), 'subsample': np.float64(0.9099010106178466), 'colsample_bytree': np.float64(0.7959029036426779), 'min_child_weight': 10}"
626,5,0.16453898367056088,0.9099010106178466,0.8622309605881475,9,0.8054448871181938,0.8054919908466819,0.7988027934818757,0.8087610330173259,0.7981376787495843,0.8033276766427322,0.004149670912601238,513,0.9313336035670855,0.9293354943273906,0.9261875761266748,0.9254410927717701,0.9301721338096784,0.92849398012052,0.0022903025053502392,50,2.687701463699341,0.0447052667254536,0.07994418144226074,0.015200106083021013,"{'n_estimators': 626, 'max_depth': 5, 'learning_rate': np.float64(0.16453898367056088), 'subsample': np.float64(0.9099010106178466), 'colsample_bytree': np.float64(0.8622309605881475), 'min_child_weight': 9}"
315,6,0.09148202493973988,0.7698281182242285,0.7357107144454987,3,0.8102288021534321,0.8089887640449438,0.8058088483620398,0.8065268065268065,0.8041652670473631,0.8071436976269171,0.0021888611620207573,349,0.8940435755115567,0.8956212234086582,0.8961017509084902,0.895042281545349,0.8964202850513755,0.8954458232850859,0.0008413948821488993,364,1.6364301204681397,0.020211425523458254,0.05152187347412109,0.006833382779994026,"{'n_estimators': 315, 'max_depth': 6, 'learning_rate': np.float64(0.09148202493973988), 'subsample': np.float64(0.7698281182242285), 'colsample_bytree': np.float64(0.7357107144454987), 'min_child_weight': 3}"
626,5,0.04625908008548132,0.9099010106178466,0.8481972263145917,9,0.8089734874235214,0.8096032010670223,0.8042076688157448,0.8089214380825566,0.8013513513513514,0.8066114293480393,0.0032653527206677065,384,0.8527313921288915,0.8534005037783375,0.8524645226299438,0.8511639633582654,0.8544128740256475,0.8528346511842171,0.0010723648526936962,504,2.5439070224761964,0.06652804943149736,0.07841415405273437,0.01702798566551722,"{'n_estimators': 626, 'max_depth': 5, 'learning_rate': np.float64(0.04625908008548132), 'subsample': np.float64(0.9099010106178466), 'colsample_bytree': np.float64(0.8481972263145917), 'min_child_weight': 9}"
346,6,0.0647589093090525,0.7698281182242285,0.7380819985464547,8,0.8035290125551409,0.8103620059780804,0.8054329371816639,0.805880387570999,0.7971650354370571,0.8044738757445883,0.004286725209113551,496,0.8598710109724432,0.859607974535098,0.8636667781866845,0.8595858831419231,0.8636934147770061,0.8612850123226309,0.001958167844965808,465,1.6938157558441163,0.07723116561209174,0.06554722785949707,0.004341249692527834,"{'n_estimators': 346, 'max_depth': 6, 'learning_rate': np.float64(0.0647589093090525), 'subsample': np.float64(0.7698281182242285), 'colsample_bytree': np.float64(0.7380819985464547), 'min_child_weight': 8}"
346,7,0.06105450329101332,0.8902403754104223,0.8467357408850122,3,0.8062225228271898,0.8153795160755718,0.80420054200542,0.8102529960053262,0.8062120189061445,0.8084535191639304,0.003982387045323484,247,0.8978102189781022,0.9023278932979869,0.9021036938876925,0.8992865438858471,0.8974508012953583,0.8997958302689975,0.0020706889370966327,355,1.9210886001586913,0.05820312042663562,0.07638535499572754,0.004660936518162923,"{'n_estimators': 346, 'max_depth': 7, 'learning_rate': np.float64(0.06105450329101332), 'subsample': np.float64(0.8902403754104223), 'colsample_bytree': np.float64(0.8467357408850122), 'min_child_weight': 3}"
626,5,0.0647589093090525,0.7698281182242285,0.7380819985464547,9,0.8107744107744108,0.8120052770448549,0.8017502524402558,0.8088918380889184,0.7998656816655474,0.8066574920027975,0.0049142611904950916,378,0.870253164556962,0.8695217463756041,0.8707902634211404,0.8683837626073185,0.8715856095936043,0.8701069093109259,0.0010942182767584125,446,2.6045677185058596,0.0796712674196389,0.08261260986328126,0.014926309639286178,"{'n_estimators': 626, 'max_depth': 5, 'learning_rate': np.float64(0.0647589093090525), 'subsample': np.float64(0.7698281182242285), 'colsample_bytree': np.float64(0.7380819985464547), 'min_child_weight': 9}"
346,7,0.06105450329101332,0.8902403754104223,0.8699881445863519,8,0.8113207547169812,0.8111147866357923,0.8051334008780817,0.810379241516966,0.8022941970310391,0.808048476155772,0.003664749001798386,289,0.875396163469558,0.8771345272802998,0.8768357810413885,0.8736112271322363,0.8759294845016292,0.8757814366850223,0.0012508124791822156,426,1.6905450344085693,0.062359177918372,0.062243080139160155,0.009218404909985657,"{'n_estimators': 346, 'max_depth': 7, 'learning_rate': np.float64(0.06105450329101332), 'subsample': np.float64(0.8902403754104223), 'colsample_bytree': np.float64(0.8699881445863519), 'min_child_weight': 8}"
436,5,0.16453898367056088,0.8902403754104223,0.7247667995666672,9,0.8126455906821963,0.8057932850559578,0.8013289036544851,0.8069371727748691,0.7968021319120586,0.8047014168159133,0.005349265863567292,488,0.8988967561337066,0.901311475409836,0.9008122077282796,0.9009437833401723,0.8998847357154619,0.9003697916654912,0.0008737367615178649,352,1.8418020725250244,0.10494487731621567,0.06209397315979004,0.009658561733111701,"{'n_estimators': 436, 'max_depth': 5, 'learning_rate': np.float64(0.16453898367056088), 'subsample': np.float64(0.8902403754104223), 'colsample_bytree': np.float64(0.7247667995666672), 'min_child_weight': 9}"
626,5,0.16453898367056088,0.7868847507357761,0.7247667995666672,9,0.8006622516556291,0.8051013734466972,0.8023833167825224,0.8064724919093851,0.8060786257020152,0.8041396118992499,0.002249608665706377,504,0.9240773857909284,0.9272800972841508,0.9281310837118754,0.927082488441885,0.9268609465053982,0.9266864003468476,0.0013736007550991533,54,2.735863208770752,0.06537233869491096,0.08685002326965333,0.00637564173693697,"{'n_estimators': 626, 'max_depth': 5, 'learning_rate': np.float64(0.16453898367056088), 'subsample': np.float64(0.7868847507357761), 'colsample_bytree': np.float64(0.7247667995666672), 'min_child_weight': 9}"
315,5,0.09148202493973988,0.7698281182242285,0.7380819985464547,3,0.8062225228271898,0.8112211221122112,0.808251606357795,0.8053244592346089,0.7982485685415965,0.8058536558146802,0.004308441147024102,431,0.8636249476768523,0.8675081501295662,0.8687526074259491,0.8640200585039699,0.8672181833375114,0.8662247894147697,0.0020319313747722656,454,1.5447437763214111,0.0295921240052328,0.04727129936218262,0.0081784994319645,"{'n_estimators': 315, 'max_depth': 5, 'learning_rate': np.float64(0.09148202493973988), 'subsample': np.float64(0.7698281182242285), 'colsample_bytree': np.float64(0.7380819985464547), 'min_child_weight': 3}"
587,5,0.13469219814630662,0.7627171946597794,0.7357107144454987,10,0.8081279147235176,0.8072249589490968,0.8046822742474916,0.8092598630583632,0.8029245596543703,0.8064439141265678,0.0023179598088118227,390,0.9050471891670087,0.9078721491048802,0.9071440248487821,0.9073618626004263,0.9072907290729073,0.906943190958801,0.000979202631457805,339,2.6172518730163574,0.05794216623393491,0.08432388305664062,0.013929671901125039,"{'n_estimators': 587, 'max_depth': 5, 'learning_rate': np.float64(0.13469219814630662), 'subsample': np.float64(0.7627171946597794), 'colsample_bytree': np.float64(0.7357107144454987), 'min_child_weight': 10}"
626,3,0.08425917518135125,0.8787062584014742,0.7971259835204482,6,0.8085685141108466,0.8096977748256393,0.8077445652173914,0.8090787716955942,0.7983870967741935,0.8066953445247329,0.004203139822446734,377,0.8361192776144477,0.8372562205783457,0.8358785031045477,0.8333613304216362,0.8392183175375325,0.836366729851302,0.0019107469630154751,526,2.31093487739563,0.04922922982506496,0.0581906795501709,0.009601976432844047,"{'n_estimators': 626, 'max_depth': 3, 'learning_rate': np.float64(0.08425917518135125), 'subsample': np.float64(0.8787062584014742), 'colsample_bytree': np.float64(0.7971259835204482), 'min_child_weight': 6}"
587,7,0.06105450329101332,0.8902403754104223,0.8467357408850122,1,0.8079247817327065,0.8079077429983526,0.808251606357795,0.8114511352418559,0.8038887026483406,0.8078847937958102,0.0024010086599299345,299,0.9677161579031485,0.9722532291500559,0.9686850934654098,0.9702670386608211,0.9698516509810177,0.9697546340320905,0.0015371564856894834,19,3.186824178695679,0.08137471463997169,0.1142796516418457,0.01501136996236668,"{'n_estimators': 587, 'max_depth': 7, 'learning_rate': np.float64(0.06105450329101332), 'subsample': np.float64(0.8902403754104223), 'colsample_bytree': np.float64(0.8467357408850122), 'min_child_weight': 1}"
587,5,0.025824132488403193,0.9099010106178466,0.7959029036426779,10,0.7970027247956403,0.8037508372404555,0.8008241758241759,0.8016194331983806,0.7976917854718262,0.8001777913060956,0.0025109390233013294,538,0.8248434591301405,0.8256445047489823,0.825972704924981,0.8251143873919674,0.825877378435518,0.8254904869263179,0.0004395535363499996,533,2.4278755664825438,0.05887986029576846,0.08179244995117188,0.013724657390823338,"{'n_estimators': 587, 'max_depth': 5, 'learning_rate': np.float64(0.025824132488403193), 'subsample': np.float64(0.9099010106178466), 'colsample_bytree': np.float64(0.7959029036426779), 'min_child_weight': 10}"
346,7,0.06105450329101332,0.8902403754104223,0.7959029036426779,1,0.8031175872585564,0.8160424262512429,0.8096532970768185,0.8098897427330438,0.8004032258064516,0.8078212558252227,0.005520404401010467,308,0.9144270403957131,0.92077580539119,0.9174825174825175,0.9200295882304594,0.9160418554832331,0.9177513613966226,0.002382577453844542,96,1.9800198078155518,0.04537426370237789,0.06571617126464843,0.012746397158985486,"{'n_estimators': 346, 'max_depth': 7, 'learning_rate': np.float64(0.06105450329101332), 'subsample': np.float64(0.8902403754104223), 'colsample_bytree': np.float64(0.7959029036426779), 'min_child_weight': 1}"
315,5,0.04625908008548132,0.9099010106178466,0.7380819985464547,3,0.7965870307167235,0.8077956989247311,0.8008213552361396,0.8022980736735383,0.7966044142614601,0.8008213145625185,0.00416015053913526,534,0.829657278588395,0.8291026402920452,0.830137451213304,0.8288211830603411,0.8297854295649224,0.8295007965438014,0.0004756542111462142,529,1.3864389896392821,0.045114709390961044,0.050540733337402347,0.00822738849196309,"{'n_estimators': 315, 'max_depth': 5, 'learning_rate': np.float64(0.04625908008548132), 'subsample': np.float64(0.9099010106178466), 'colsample_bytree': np.float64(0.7380819985464547), 'min_child_weight': 3}"
346,5,0.06105450329101332,0.9099010106178466,0.7959029036426779,10,0.8062436375975568,0.804,0.803122878479294,0.8076407506702413,0.8,0.8042014533494184,0.0026402802886875036,502,0.8395248925954005,0.8391407307171854,0.8386225523295071,0.8361858190709046,0.839811542991755,0.8386571075409505,0.0012983161596631365,523,1.4287354469299316,0.08588235344776801,0.04757227897644043,0.0066822312969544865,"{'n_estimators': 346, 'max_depth': 5, 'learning_rate': np.float64(0.06105450329101332), 'subsample': np.float64(0.9099010106178466), 'colsample_bytree': np.float64(0.7959029036426779), 'min_child_weight': 10}"
346,5,0.06105450329101332,0.9099010106178466,0.8699881445863519,8,0.8054607508532423,0.8069241011984021,0.8055649813369529,0.8087394957983193,0.7979661016949152,0.8049310861763663,0.003678844092865146,476,0.8417764268828098,0.8418742085268046,0.8414839797639123,0.8400978820352712,0.8442083965604451,0.8418881787538487,0.0013239813806837446,521,1.407395887374878,0.034700937787708996,0.05524129867553711,0.006170414322346535,"{'n_estimators': 346, 'max_depth': 5, 'learning_rate': np.float64(0.06105450329101332), 'subsample': np.float64(0.9099010106178466), 'colsample_bytree': np.float64(0.8699881445863519), 'min_child_weight': 8}"
587,5,0.06105450329101332,0.9099010106178466,0.8699881445863519,10,0.8094594594594594,0.8116904682829624,0.8047297297297298,0.8083972009330224,0.796221322537112,0.8060996361884571,0.005427381393946864,411,0.8626828249059758,0.8634464315560756,0.8608506363027462,0.8574776131893882,0.8639973250856808,0.8616909662079733,0.0023597979382485573,464,2.3021081924438476,0.09281245673397784,0.08646268844604492,0.008015080973359777,"{'n_estimators': 587, 'max_depth': 5, 'learning_rate': np.float64(0.06105450329101332), 'subsample': np.float64(0.9099010106178466), 'colsample_bytree': np.float64(0.8699881445863519), 'min_child_weight': 10}"
346,7,0.12868607596207174,0.8902403754104223,0.8467357408850122,1,0.8072410325175997,0.807375699703655,0.8002680965147453,0.8073878627968337,0.8057218895542249,0.8055989162174116,0.002738123317466147,451,0.9850699107354451,0.984984984984985,0.986024476904856,0.9857909693716451,0.985862096200932,0.9855464876395725,0.0004313385203533997,6,1.8599997997283935,0.04700684284437229,0.07818360328674316,0.00452938178727434,"{'n_estimators': 346, 'max_depth': 7, 'learning_rate': np.float64(0.12868607596207174), 'subsample': np.float64(0.8902403754104223), 'colsample_bytree': np.float64(0.8467357408850122), 'min_child_weight': 1}"
587,7,0.047825496997269436,0.7147893522243444,0.8467357408850122,1,0.8036498817167962,0.8124174372523117,0.8059399257509281,0.8056934789804701,0.8061807188444743,0.8067762885089961,0.0029605290384650505,371,0.9518975102731448,0.9520199983872268,0.9533853957008293,0.9533102169179904,0.9517664139377319,0.9524759070433847,0.0007168010293571596,37,3.342384767532349,0.1370962352571555,0.11637139320373535,0.014455454555325622,"{'n_estimators': 587, 'max_depth': 7, 'learning_rate': np.float64(0.047825496997269436), 'subsample': np.float64(0.7147893522243444), 'colsample_bytree': np.float64(0.8467357408850122), 'min_child_weight': 1}"
315,6,0.09148202493973988,0.7698281182242285,0.7357107144454987,8,0.802027027027027,0.8067729083665338,0.8067567567567567,0.807845744680851,0.7966442953020134,0.8040093464266365,0.0041970717876400575,505,0.8754484024359723,0.8739188290086494,0.874781886165351,0.8726485766605627,0.8750520963574226,0.8743699581255916,0.0009964648549905036,438,1.4263948917388916,0.05860098090950926,0.047249984741210935,0.0034876480311034643,"{'n_estimators': 315, 'max_depth': 6, 'learning_rate': np.float64(0.09148202493973988), 'subsample': np.float64(0.7698281182242285), 'colsample_bytree': np.float64(0.7357107144454987), 'min_child_weight': 8}"
346,7,0.06105450329101332,0.8902403754104223,0.7959029036426779,1,0.8031175872585564,0.8160424262512429,0.8096532970768185,0.8098897427330438,0.8004032258064516,0.8078212558252227,0.005520404401010467,308,0.9144270403957131,0.92077580539119,0.9174825174825175,0.9200295882304594,0.9160418554832331,0.9177513613966226,0.002382577453844542,96,1.9800198078155518,0.04537426370237789,0.06571617126464843,0.012746397158985486,"{'n_estimators': 346, 'max_depth': 7, 'learning_rate': np.float64(0.06105450329101332), 'subsample': np.float64(0.8902403754104223), 'colsample_bytree': np.float64(0.7959029036426779), 'min_child_weight': 1}"
346,7,0.06105450329101332,0.8902403754104223,0.8906872855599975,8,0.8113207547169812,0.8111147866357923,0.8051334008780817,0.810379241516966,0.8022941970310391,0.808048476155772,0.003664749001798386,289,0.875396163469558,0.8771345272802998,0.8768357810413885,0.8736112271322363,0.8759294845016292,0.8757814366850223,0.0012508124791822156,426,1.6588631629943849,0.12186396958957339,0.07808885574340821,0.010284693594855444,"{'n_estimators': 346, 'max_depth': 7, 'learning_rate': np.float64(0.06105450329101332), 'subsample': np.float64(0.8902403754104223), 'colsample_bytree': np.float64(0.8906872855599975), 'min_child_weight': 8}"
315,7,0.06105450329101332,0.7698281182242285,0.7380819985464547,3,0.8024357239512855,0.8081143997339542,0.8129861345958742,0.8043985338220593,0.8006745362563238,0.8057218656718994,0.004393615619510061,444,0.8901464713715047,0.8943305387233336,0.8930702917771883,0.8894058994599086,0.8914780292942743,0.8916862461252417,0.0018178067645399335,381,1.6863720893859864,0.048125471547651504,0.0637892246246338,0.009235107934773607,"{'n_estimators': 315, 'max_depth': 7, 'learning_rate': np.float64(0.06105450329101332), 'subsample': np.float64(0.7698281182242285), 'colsample_bytree': np.float64(0.7380819985464547), 'min_child_weight': 3}"
315,6,0.09148202493973988,0.9099010106178466,0.7357107144454987,3,0.8055367994598245,0.8099502487562189,0.8040677966101695,0.8067954696868754,0.8022903334456046,0.8057281295917387,0.0025914189275065753,441,0.8912700390397874,0.8944965551589608,0.8926018287614298,0.8898663789526102,0.8912175648702595,0.8918904733566094,0.001564122220371986,380,1.4476284503936767,0.03296473155926763,0.053319358825683595,0.0026982164305028675,"{'n_estimators': 315, 'max_depth': 6, 'learning_rate': np.float64(0.09148202493973988), 'subsample': np.float64(0.9099010106178466), 'colsample_bytree': np.float64(0.7357107144454987), 'min_child_weight': 3}"
346,7,0.06105450329101332,0.8902403754104223,0.8467357408850122,1,0.805291723202171,0.8082419408441343,0.8078884733083985,0.8099667774086379,0.8091706001348618,0.8081119029796406,0.0015862940115415624,275,0.9164811608541512,0.9224710804824021,0.9208278580814717,0.9208668527335413,0.9177225604739181,0.9196739025250968,0.0022172182269159625,78,2.0011305809020996,0.08572997725820003,0.06535477638244629,0.01033163325019707,"{'n_estimators': 346, 'max_depth': 7, 'learning_rate': np.float64(0.06105450329101332), 'subsample': np.float64(0.8902403754104223), 'colsample_bytree': np.float64(0.8467357408850122), 'min_child_weight': 1}"
346,7,0.06105450329101332,0.8902403754104223,0.8699881445863519,1,0.8006756756756757,0.8065159574468085,0.8113465481886535,0.8154306617891587,0.8033726812816189,0.8074683048763831,0.005334056777172611,328,0.9195723684210526,0.9226092671705554,0.9218262440466415,0.9198159710811699,0.9228876127973749,0.9213422927033588,0.001392101796250653,68,2.016271638870239,0.09096568898569013,0.0767521858215332,0.003928435477477333,"{'n_estimators': 346, 'max_depth': 7, 'learning_rate': np.float64(0.06105450329101332), 'subsample': np.float64(0.8902403754104223), 'colsample_bytree': np.float64(0.8699881445863519), 'min_child_weight': 1}"
587,5,0.06105450329101332,0.9099010106178466,0.7380819985464547,3,0.8124366339979723,0.8109006314390163,0.8085250338294994,0.8088088088088088,0.8024152968802415,0.8086172809911076,0.003414994758831256,238,0.8784065338778232,0.8795060080106809,0.8776666666666667,0.8750939928147715,0.8791263754584862,0.8779599153656857,0.0015652480044838278,417,2.18563289642334,0.036058949356749144,0.061974382400512694,0.005003973390148362,"{'n_estimators': 587, 'max_depth': 5, 'learning_rate': np.float64(0.06105450329101332), 'subsample': np.float64(0.9099010106178466), 'colsample_bytree': np.float64(0.7380819985464547), 'min_child_weight': 3}"
315,6,0.09148202493973988,0.7698281182242285,0.7357107144454987,3,0.8102288021534321,0.8089887640449438,0.8058088483620398,0.8065268065268065,0.8041652670473631,0.8071436976269171,0.0021888611620207573,349,0.8940435755115567,0.8956212234086582,0.8961017509084902,0.895042281545349,0.8964202850513755,0.8954458232850859,0.0008413948821488993,364,1.6364301204681397,0.020211425523458254,0.05152187347412109,0.006833382779994026,"{'n_estimators': 315, 'max_depth': 6, 'learning_rate': np.float64(0.09148202493973988), 'subsample': np.float64(0.7698281182242285), 'colsample_bytree': np.float64(0.7357107144454987), 'min_child_weight': 3}"
315,6,0.09148202493973988,0.8902403754104223,0.7357107144454987,3,0.8063534978033119,0.813368630046327,0.8076923076923077,0.8091755319148937,0.8045745038681467,0.8082328942649972,0.002982365938417651,270,0.893627613674079,0.8935499917095009,0.895386399403628,0.8918402921889267,0.8927859042553191,0.8934380402462908,0.00116813139895726,369,1.2363345146179199,0.018098410920125166,0.04044065475463867,0.0018402001330641475,"{'n_estimators': 315, 'max_depth': 6, 'learning_rate': np.float64(0.09148202493973988), 'subsample': np.float64(0.8902403754104223), 'colsample_bytree': np.float64(0.7357107144454987), 'min_child_weight': 3}"
346,7,0.06105450329101332,0.8902403754104223,0.8699881445863519,8,0.8113207547169812,0.8111147866357923,0.8051334008780817,0.810379241516966,0.8022941970310391,0.808048476155772,0.003664749001798386,289,0.875396163469558,0.8771345272802998,0.8768357810413885,0.8736112271322363,0.8759294845016292,0.8757814366850223,0.0012508124791822156,426,1.6905450344085693,0.062359177918372,0.062243080139160155,0.009218404909985657,"{'n_estimators': 346, 'max_depth': 7, 'learning_rate': np.float64(0.06105450329101332), 'subsample': np.float64(0.8902403754104223), 'colsample_bytree': np.float64(0.8699881445863519), 'min_child_weight': 8}"
346,7,0.10692048777748797,0.7815294203054637,0.8622309605881475,1,0.8044429485021878,0.8086642599277978,0.8056300268096515,0.8080342443200527,0.8024152968802415,0.8058373552879863,0.0023028482533605068,434,0.9747257987601335,0.9768437747819191,0.9748847560006358,0.9756445854819517,0.9754975814764888,0.9755192993002257,0.0007486911110714727,13,1.6739334106445312,0.01663406606875296,0.06314382553100586,0.006001072711093455,"{'n_estimators': 346, 'max_depth': 7, 'learning_rate': np.float64(0.10692048777748797), 'subsample': np.float64(0.7815294203054637), 'colsample_bytree': np.float64(0.8622309605881475), 'min_child_weight': 1}"
587,5,0.09148202493973988,0.7698281182242285,0.7380819985464547,3,0.8065926673393878,0.8073878627968337,0.8079114984914516,0.8070059484467944,0.8028028028028028,0.806340155975454,0.0018213575133960963,397,0.9046716651561342,0.911402789171452,0.9102553575827244,0.9102543068088598,0.9089115422558369,0.9090991321950014,0.0023501393731606194,335,2.1959414005279543,0.016884448057536,0.08688688278198242,0.0030641521948930168,"{'n_estimators': 587, 'max_depth': 5, 'learning_rate': np.float64(0.09148202493973988), 'subsample': np.float64(0.7698281182242285), 'colsample_bytree': np.float64(0.7380819985464547), 'min_child_weight': 3}"
587,5,0.10692048777748797,0.7815294203054637,0.7959029036426779,10,0.8097139055222887,0.8038120276043378,0.8077695914266577,0.807502467917078,0.7997320830542531,0.805706015104923,0.003544681321019691,445,0.8911822985468957,0.8953526697429136,0.8946632678233698,0.890136194799835,0.8931398416886543,0.8928948545203337,0.0019885276667425443,377,2.455786609649658,0.10503861524900773,0.0746345043182373,0.01533677803642622,"{'n_estimators': 587, 'max_depth': 5, 'learning_rate': np.float64(0.10692048777748797), 'subsample': np.float64(0.7815294203054637), 'colsample_bytree': np.float64(0.7959029036426779), 'min_child_weight': 10}"
346,7,0.06105450329101332,0.8902403754104223,0.8467357408850122,1,0.805291723202171,0.8082419408441343,0.8078884733083985,0.8099667774086379,0.8091706001348618,0.8081119029796406,0.0015862940115415624,275,0.9164811608541512,0.9224710804824021,0.9208278580814717,0.9208668527335413,0.9177225604739181,0.9196739025250968,0.0022172182269159625,78,2.0011305809020996,0.08572997725820003,0.06535477638244629,0.01033163325019707,"{'n_estimators': 346, 'max_depth': 7, 'learning_rate': np.float64(0.06105450329101332), 'subsample': np.float64(0.8902403754104223), 'colsample_bytree': np.float64(0.8467357408850122), 'min_child_weight': 1}"
436,5,0.16453898367056088,0.7868847507357761,0.7247667995666672,9,0.8038628038628038,0.8077810748433893,0.807666886979511,0.8101761252446184,0.8066445182724252,0.8072262818405495,0.0020422995484984316,341,0.8992758393680053,0.9010754453657335,0.9038493038493038,0.8999753836054812,0.902346955522731,0.901304585542251,0.0016429985080443333,345,2.0176175594329835,0.04250999461502324,0.059167337417602536,0.007786011335754252,"{'n_estimators': 436, 'max_depth': 5, 'learning_rate': np.float64(0.16453898367056088), 'subsample': np.float64(0.7868847507357761), 'colsample_bytree': np.float64(0.7247667995666672), 'min_child_weight': 9}"
346,7,0.06105450329101332,0.8902403754104223,0.8932827845601063,1,0.8006756756756757,0.8065159574468085,0.8113465481886535,0.8154306617891587,0.8033726812816189,0.8074683048763831,0.005334056777172611,328,0.9195723684210526,0.9226092671705554,0.9218262440466415,0.9198159710811699,0.9228876127973749,0.9213422927033588,0.001392101796250653,68,2.0364813804626465,0.031364358246681455,0.0757068157196045,0.0052568494125193365,"{'n_estimators': 346, 'max_depth': 7, 'learning_rate': np.float64(0.06105450329101332), 'subsample': np.float64(0.8902403754104223), 'colsample_bytree': np.float64(0.8932827845601063), 'min_child_weight': 1}"
315,5,0.16453898367056088,0.7868847507357761,0.7247667995666672,9,0.8069822087948976,0.8063241106719368,0.805731422859047,0.8091803278688524,0.8001332445036642,0.8056702629396796,0.003004383074360591,448,0.8813643513535889,0.8802583636965883,0.8835939439066766,0.8785773366418528,0.881052892972436,0.8809693777142286,0.0016296458571050142,409,1.4259722232818604,0.042788786556622375,0.04640555381774902,0.008056859940014694,"{'n_estimators': 315, 'max_depth': 5, 'learning_rate': np.float64(0.16453898367056088), 'subsample': np.float64(0.7868847507357761), 'colsample_bytree': np.float64(0.7247667995666672), 'min_child_weight': 9}"
346,7,0.06105450329101332,0.8902403754104223,0.8467357408850122,1,0.805291723202171,0.8082419408441343,0.8078884733083985,0.8099667774086379,0.8091706001348618,0.8081119029796406,0.0015862940115415624,275,0.9164811608541512,0.9224710804824021,0.9208278580814717,0.9208668527335413,0.9177225604739181,0.9196739025250968,0.0022172182269159625,78,2.0011305809020996,0.08572997725820003,0.06535477638244629,0.01033163325019707,"{'n_estimators': 346, 'max_depth': 7, 'learning_rate': np.float64(0.06105450329101332), 'subsample': np.float64(0.8902403754104223), 'colsample_bytree': np.float64(0.8467357408850122), 'min_child_weight': 1}"
587,5,0.047825496997269436,0.7147893522243444,0.8467357408850122,1,0.8100237047070775,0.8096977748256393,0.8089279675346636,0.8128946493851777,0.7995930824008138,0.8082274357706745,0.0045213751186962475,271,0.8734061171764314,0.875888006686168,0.8768858881387014,0.8732982544057463,0.877368728608398,0.875369399003089,0.0017152333702461651,431,2.758384943008423,0.054609311814661506,0.07998247146606445,0.013401235929386766,"{'n_estimators': 587, 'max_depth': 5, 'learning_rate': np.float64(0.047825496997269436), 'subsample': np.float64(0.7147893522243444), 'colsample_bytree': np.float64(0.8467357408850122), 'min_child_weight': 1}"
346,7,0.13469219814630662,0.7627171946597794,0.7357107144454987,1,0.8034701368034701,0.8064410121590536,0.8016112789526687,0.8104015799868335,0.8018679119412941,0.804758383968664,0.003304408516146822,485,0.9881908360888049,0.9891355692017005,0.9870744010088273,0.9882538431217974,0.9874714364510283,0.9880252171744317,0.0007103950370681022,5,2.080912160873413,0.0602740355260241,0.07188854217529297,0.011745722279149183,"{'n_estimators': 346, 'max_depth': 7, 'learning_rate': np.float64(0.13469219814630662), 'subsample': np.float64(0.7627171946597794), 'colsample_bytree': np.float64(0.7357107144454987), 'min_child_weight': 1}"
587,5,0.16453898367056088,0.7627171946597794,0.7357107144454987,10,0.8054539408047888,0.802481227554685,0.7970627503337784,0.8030154047853163,0.7986733001658375,0.8013373247288811,0.003047622266583479,530,0.9174879856642503,0.9198827552515877,0.9168433067014512,0.9210761602861091,0.91959266802444,0.9189765751855676,0.001573259259046499,91,2.597336006164551,0.08994260408603828,0.08515205383300781,0.009498607905985798,"{'n_estimators': 587, 'max_depth': 5, 'learning_rate': np.float64(0.16453898367056088), 'subsample': np.float64(0.7627171946597794), 'colsample_bytree': np.float64(0.7357107144454987), 'min_child_weight': 10}"
346,7,0.06105450329101332,0.8902403754104223,0.8467357408850122,3,0.8062225228271898,0.8153795160755718,0.80420054200542,0.8102529960053262,0.8062120189061445,0.8084535191639304,0.003982387045323484,247,0.8978102189781022,0.9023278932979869,0.9021036938876925,0.8992865438858471,0.8974508012953583,0.8997958302689975,0.0020706889370966327,355,1.9210886001586913,0.05820312042663562,0.07638535499572754,0.004660936518162923,"{'n_estimators': 346, 'max_depth': 7, 'learning_rate': np.float64(0.06105450329101332), 'subsample': np.float64(0.8902403754104223), 'colsample_bytree': np.float64(0.8467357408850122), 'min_child_weight': 3}"
689,5,0.10692048777748797,0.8902403754104223,0.8622309605881475,9,0.8085390260173448,0.8081471747700394,0.8049349783261087,0.8071099407504937,0.7986688851913477,0.8054800010110668,0.003628126288885102,460,0.9046523097156008,0.9052977412731006,0.9050975249959023,0.9042019570758983,0.9057656032149594,0.9050030272550924,0.0005370334243781731,342,2.876835346221924,0.09037957041830898,0.08768563270568848,0.011622465866177491,"{'n_estimators': 689, 'max_depth': 5, 'learning_rate': np.float64(0.10692048777748797), 'subsample': np.float64(0.8902403754104223), 'colsample_bytree': np.float64(0.8622309605881475), 'min_child_weight': 9}"
587,5,0.09148202493973988,0.9099010106178466,0.7959029036426779,10,0.8099228964130071,0.8107752956636005,0.8060200668896321,0.8091300033079722,0.7986531986531986,0.8069002921854821,0.004425217469529022,359,0.8825186412593207,0.8833084700812199,0.8820071209737518,0.8801793573029976,0.8834814384187359,0.8822990056072051,0.0011868876333115158,406,2.3754908084869384,0.0668238737152526,0.07690939903259278,0.012024355913727984,"{'n_estimators': 587, 'max_depth': 5, 'learning_rate': np.float64(0.09148202493973988), 'subsample': np.float64(0.9099010106178466), 'colsample_bytree': np.float64(0.7959029036426779), 'min_child_weight': 10}"
315,5,0.09148202493973988,0.7698281182242285,0.7380819985464547,3,0.8062225228271898,0.8112211221122112,0.808251606357795,0.8053244592346089,0.7982485685415965,0.8058536558146802,0.004308441147024102,431,0.8636249476768523,0.8675081501295662,0.8687526074259491,0.8640200585039699,0.8672181833375114,0.8662247894147697,0.0020319313747722656,454,1.5447437763214111,0.0295921240052328,0.04727129936218262,0.0081784994319645,"{'n_estimators': 315, 'max_depth': 5, 'learning_rate': np.float64(0.09148202493973988), 'subsample': np.float64(0.7698281182242285), 'colsample_bytree': np.float64(0.7380819985464547), 'min_child_weight': 3}"
587,5,0.06105450329101332,0.9099010106178466,0.7247667995666672,10,0.8081218274111676,0.8104878858280783,0.8048533872598584,0.8081414748081415,0.7970280310705843,0.805726521275566,0.004704597311252435,442,0.8610367892976588,0.8588669125041904,0.8593867491018464,0.8567352077213596,0.8602042524694459,0.8592459822189003,0.001455525307774323,475,2.309087705612183,0.08635996711298155,0.07050814628601074,0.015322195114738042,"{'n_estimators': 587, 'max_depth': 5, 'learning_rate': np.float64(0.06105450329101332), 'subsample': np.float64(0.9099010106178466), 'colsample_bytree': np.float64(0.7247667995666672), 'min_child_weight': 10}"
417,5,0.16453898367056088,0.7868847507357761,0.8467357408850122,1,0.8042468480424685,0.8046951418324095,0.8079247817327065,0.8067996077149395,0.7951967978652434,0.8037726354375536,0.004494969760393769,507,0.9445117518778774,0.9456600726685507,0.9428386888422412,0.9468085106382979,0.9434571890145396,0.9446552426083012,0.0014423616916166427,43,1.8758440971374513,0.07499955246709326,0.053196048736572264,0.009157208113598783,"{'n_estimators': 417, 'max_depth': 5, 'learning_rate': np.float64(0.16453898367056088), 'subsample': np.float64(0.7868847507357761), 'colsample_bytree': np.float64(0.8467357408850122), 'min_child_weight': 1}"
587,5,0.047825496997269436,0.8902403754104223,0.8699881445863519,1,0.8068027210884354,0.810379241516966,0.808135593220339,0.8121657754010695,0.8029540114132259,0.8080874685280073,0.003158799908274846,286,0.8715466154745013,0.8772252402841622,0.8750730201118251,0.8710999581764952,0.875,0.8739889668093968,0.002323027188929244,439,2.4898680686950683,0.11334095841338698,0.07508044242858887,0.01712384688707862,"{'n_estimators': 587, 'max_depth': 5, 'learning_rate': np.float64(0.047825496997269436), 'subsample': np.float64(0.8902403754104223), 'colsample_bytree': np.float64(0.8699881445863519), 'min_child_weight': 1}"
346,5,0.06105450329101332,0.8902403754104223,0.8699881445863519,8,0.802725724020443,0.8082556591211718,0.8056968463886063,0.8109735697557712,0.7986394557823129,0.805258251013661,0.004291009971456729,469,0.8416799932665601,0.8431985138900616,0.8416350611040877,0.8420963936636333,0.843694643610291,0.8424609211069267,0.0008355701792313012,520,1.4722871780395508,0.04406400600543664,0.04685029983520508,0.01236601532821459,"{'n_estimators': 346, 'max_depth': 5, 'learning_rate': np.float64(0.06105450329101332), 'subsample': np.float64(0.8902403754104223), 'colsample_bytree': np.float64(0.8699881445863519), 'min_child_weight': 8}"
346,5,0.09148202493973988,0.7698281182242285,0.7380819985464547,1,0.8070175438596491,0.8099337748344371,0.8087986463620981,0.8054539408047888,0.8029739776951673,0.806835576711228,0.002461968758807907,369,0.8795802798134577,0.8822843822843823,0.8846984548928394,0.88006658343737,0.8804737676203186,0.8814206936096737,0.0018765438063415823,408,1.493496799468994,0.0630527582902354,0.05266718864440918,0.009411183528422563,"{'n_estimators': 346, 'max_depth': 5, 'learning_rate': np.float64(0.09148202493973988), 'subsample': np.float64(0.7698281182242285), 'colsample_bytree': np.float64(0.7380819985464547), 'min_child_weight': 1}"
346,7,0.06105450329101332,0.8902403754104223,0.8467357408850122,1,0.805291723202171,0.8082419408441343,0.8078884733083985,0.8099667774086379,0.8091706001348618,0.8081119029796406,0.0015862940115415624,275,0.9164811608541512,0.9224710804824021,0.9208278580814717,0.9208668527335413,0.9177225604739181,0.9196739025250968,0.0022172182269159625,78,2.0011305809020996,0.08572997725820003,0.06535477638244629,0.01033163325019707,"{'n_estimators': 346, 'max_depth': 7, 'learning_rate': np.float64(0.06105450329101332), 'subsample': np.float64(0.8902403754104223), 'colsample_bytree': np.float64(0.8467357408850122), 'min_child_weight': 1}"
346,7,0.06105450329101332,0.7698281182242285,0.7380819985464547,3,0.8013513513513514,0.8070059484467944,0.811887875717663,0.8093178036605657,0.8005409060175794,0.8060207770387908,0.004429363765036577,415,0.897627343620375,0.9037220843672457,0.9006622516556292,0.899114458329885,0.9000498090652499,0.9002351894076769,0.0020214886738800833,353,1.7906866550445557,0.10640063884726106,0.06191220283508301,0.012778685062019018,"{'n_estimators': 346, 'max_depth': 7, 'learning_rate': np.float64(0.06105450329101332), 'subsample': np.float64(0.7698281182242285), 'colsample_bytree': np.float64(0.7380819985464547), 'min_child_weight': 3}"
587,5,0.06105450329101332,0.9099010106178466,0.8699881445863519,3,0.810391363022942,0.8078327248589445,0.8033840947546531,0.811623246492986,0.8026845637583893,0.807183198577583,0.0036082997127063164,348,0.8781015820149876,0.883945680246605,0.8811130550695659,0.8771052192763048,0.8789649415692822,0.8798460956353491,0.0024390138854930117,415,2.327345371246338,0.11724632649266539,0.06880049705505371,0.013613624731542403,"{'n_estimators': 587, 'max_depth': 5, 'learning_rate': np.float64(0.06105450329101332), 'subsample': np.float64(0.9099010106178466), 'colsample_bytree': np.float64(0.8699881445863519), 'min_child_weight': 3}"
587,7,0.06105450329101332,0.8902403754104223,0.8467357408850122,1,0.8079247817327065,0.8079077429983526,0.808251606357795,0.8114511352418559,0.8038887026483406,0.8078847937958102,0.0024010086599299345,299,0.9677161579031485,0.9722532291500559,0.9686850934654098,0.9702670386608211,0.9698516509810177,0.9697546340320905,0.0015371564856894834,19,3.186824178695679,0.08137471463997169,0.1142796516418457,0.01501136996236668,"{'n_estimators': 587, 'max_depth': 7, 'learning_rate': np.float64(0.06105450329101332), 'subsample': np.float64(0.8902403754104223), 'colsample_bytree': np.float64(0.8467357408850122), 'min_child_weight': 1}"
346,5,0.047825496997269436,0.7147893522243444,0.8467357408850122,1,0.798227675528289,0.8063978673775408,0.8068027210884354,0.8072410325175997,0.7972881355932203,0.803191486421017,0.004454428983038894,516,0.8402257222269014,0.8456863076143846,0.8450395822806132,0.8396727671417727,0.8442346594740391,0.8429718077475421,0.002516491610755298,518,1.599367904663086,0.06443257268333917,0.048290681838989255,0.009385627302333702,"{'n_estimators': 346, 'max_depth': 5, 'learning_rate': np.float64(0.047825496997269436), 'subsample': np.float64(0.7147893522243444), 'colsample_bytree': np.float64(0.8467357408850122), 'min_child_weight': 1}"
587,5,0.11210152783519357,0.9099010106178466,0.7380819985464547,3,0.8078719146097398,0.8063241106719368,0.8080267558528428,0.8090849242922976,0.8030656447850717,0.8068746700423777,0.00209851429932096,362,0.921781773600327,0.9241794934440916,0.9234285714285714,0.9222358221134231,0.9210139002452985,0.9225279121663423,0.0011378206606863274,62,2.4294421672821045,0.06728533650774975,0.07853226661682129,0.014115547757224213,"{'n_estimators': 587, 'max_depth': 5, 'learning_rate': np.float64(0.11210152783519357), 'subsample': np.float64(0.9099010106178466), 'colsample_bytree': np.float64(0.7380819985464547), 'min_child_weight': 3}"
346,7,0.06105450329101332,0.9099010106178466,0.8467357408850122,1,0.8074198988195616,0.8139303482587065,0.802725724020443,0.8098568098568099,0.8076793533176153,0.8083224268546273,0.0036429190689327116,258,0.9165981246915611,0.9194304995473623,0.9213446206953234,0.9169544482815326,0.9169823752264866,0.9182620136884532,0.0018430167466398206,93,2.021034097671509,0.15833538868983776,0.06176538467407226,0.009928057868498404,"{'n_estimators': 346, 'max_depth': 7, 'learning_rate': np.float64(0.06105450329101332), 'subsample': np.float64(0.9099010106178466), 'colsample_bytree': np.float64(0.8467357408850122), 'min_child_weight': 1}"
346,7,0.06105450329101332,0.9099010106178466,0.7380819985464547,3,0.8073644732355949,0.8096816976127321,0.8089887640449438,0.8117099135063207,0.804040404040404,0.8083570504879992,0.0025695948551569584,252,0.8952190571380976,0.895587010824313,0.8979523888796405,0.8956463941508807,0.8937728937728938,0.8956355489531651,0.0013426221036305038,362,1.7632593631744384,0.06254904200926142,0.055679035186767575,0.0033813631121348046,"{'n_estimators': 346, 'max_depth': 7, 'learning_rate': np.float64(0.06105450329101332), 'subsample': np.float64(0.9099010106178466), 'colsample_bytree': np.float64(0.7380819985464547), 'min_child_weight': 3}"
346,7,0.06105450329101332,0.8902403754104223,0.8699881445863519,1,0.8006756756756757,0.8065159574468085,0.8113465481886535,0.8154306617891587,0.8033726812816189,0.8074683048763831,0.005334056777172611,328,0.9195723684210526,0.9226092671705554,0.9218262440466415,0.9198159710811699,0.9228876127973749,0.9213422927033588,0.001392101796250653,68,2.016271638870239,0.09096568898569013,0.0767521858215332,0.003928435477477333,"{'n_estimators': 346, 'max_depth': 7, 'learning_rate': np.float64(0.06105450329101332), 'subsample': np.float64(0.8902403754104223), 'colsample_bytree': np.float64(0.8699881445863519), 'min_child_weight': 1}"
346,5,0.047825496997269436,0.7147893522243444,0.8467357408850122,1,0.798227675528289,0.8063978673775408,0.8068027210884354,0.8072410325175997,0.7972881355932203,0.803191486421017,0.004454428983038894,516,0.8402257222269014,0.8456863076143846,0.8450395822806132,0.8396727671417727,0.8442346594740391,0.8429718077475421,0.002516491610755298,518,1.599367904663086,0.06443257268333917,0.048290681838989255,0.009385627302333702,"{'n_estimators': 346, 'max_depth': 5, 'learning_rate': np.float64(0.047825496997269436), 'subsample': np.float64(0.7147893522243444), 'colsample_bytree': np.float64(0.8467357408850122), 'min_child_weight': 1}"
587,5,0.06105450329101332,0.8902403754104223,0.7959029036426779,1,0.8060913705583757,0.8082419408441343,0.8087837837837838,0.8098732488325551,0.8014829794405123,0.8068946646918722,0.002972793507181517,360,0.8906224066390042,0.8902560691719321,0.8908985314859371,0.8879853966146698,0.8902946562343932,0.8900114120291873,0.0010397228670093442,389,2.445273780822754,0.07592968113563492,0.06158347129821777,0.007342625108362895,"{'n_estimators': 587, 'max_depth': 5, 'learning_rate': np.float64(0.06105450329101332), 'subsample': np.float64(0.8902403754104223), 'colsample_bytree': np.float64(0.7959029036426779), 'min_child_weight': 1}"
587,7,0.06105450329101332,0.8902403754104223,0.8699881445863519,1,0.8109735697557712,0.8117375535773161,0.808135593220339,0.8096656736180072,0.8039083557951483,0.8088841491933163,0.002772624434638037,229,0.9703396587466114,0.974456910957269,0.9695083014048531,0.9709682565002393,0.9709047429254684,0.9712355741068883,0.001693756440402291,16,3.132750415802002,0.14500065303124823,0.10616321563720703,0.020617681966245555,"{'n_estimators': 587, 'max_depth': 7, 'learning_rate': np.float64(0.06105450329101332), 'subsample': np.float64(0.8902403754104223), 'colsample_bytree': np.float64(0.8699881445863519), 'min_child_weight': 1}"
587,7,0.06105450329101332,0.9099010106178466,0.7380819985464547,3,0.8066037735849056,0.8099934253780408,0.8022941970310391,0.8118616144975288,0.7991967871485943,0.8059899595280218,0.004705033262376636,418,0.9435064935064935,0.9417207792207792,0.9411669236387243,0.943084157613102,0.9389244869819126,0.9416805681922022,0.0016226828283851494,44,3.0111044883728026,0.1794032635516521,0.12177677154541015,0.004003770405211943,"{'n_estimators': 587, 'max_depth': 7, 'learning_rate': np.float64(0.06105450329101332), 'subsample': np.float64(0.9099010106178466), 'colsample_bytree': np.float64(0.7380819985464547), 'min_child_weight': 3}"
587,7,0.06105450329101332,0.8902403754104223,0.8467357408850122,1,0.8079247817327065,0.8079077429983526,0.808251606357795,0.8114511352418559,0.8038887026483406,0.8078847937958102,0.0024010086599299345,299,0.9677161579031485,0.9722532291500559,0.9686850934654098,0.9702670386608211,0.9698516509810177,0.9697546340320905,0.0015371564856894834,19,3.186824178695679,0.08137471463997169,0.1142796516418457,0.01501136996236668,"{'n_estimators': 587, 'max_depth': 7, 'learning_rate': np.float64(0.06105450329101332), 'subsample': np.float64(0.8902403754104223), 'colsample_bytree': np.float64(0.8467357408850122), 'min_child_weight': 1}"
587,7,0.047825496997269436,0.7147893522243444,0.8467357408850122,1,0.8036498817167962,0.8124174372523117,0.8059399257509281,0.8056934789804701,0.8061807188444743,0.8067762885089961,0.0029605290384650505,371,0.9518975102731448,0.9520199983872268,0.9533853957008293,0.9533102169179904,0.9517664139377319,0.9524759070433847,0.0007168010293571596,37,3.342384767532349,0.1370962352571555,0.11637139320373535,0.014455454555325622,"{'n_estimators': 587, 'max_depth': 7, 'learning_rate': np.float64(0.047825496997269436), 'subsample': np.float64(0.7147893522243444), 'colsample_bytree': np.float64(0.8467357408850122), 'min_child_weight': 1}"
346,7,0.06105450329101332,0.9099010106178466,0.8699881445863519,10,0.8083812098681987,0.8106666666666666,0.8042076688157448,0.8085248085248086,0.8031123139377537,0.8069785335626346,0.0028490748850553186,357,0.8699858227003586,0.8695579370395178,0.8684540215484841,0.8660363149527236,0.8699363910277871,0.8687940974537742,0.0014852279643062603,449,1.699282169342041,0.08712032264195928,0.07932524681091309,0.0010643405868316657,"{'n_estimators': 346, 'max_depth': 7, 'learning_rate': np.float64(0.06105450329101332), 'subsample': np.float64(0.9099010106178466), 'colsample_bytree': np.float64(0.8699881445863519), 'min_child_weight': 10}"
346,7,0.06105450329101332,0.8902403754104223,0.8699881445863519,1,0.8006756756756757,0.8065159574468085,0.8113465481886535,0.8154306617891587,0.8033726812816189,0.8074683048763831,0.005334056777172611,328,0.9195723684210526,0.9226092671705554,0.9218262440466415,0.9198159710811699,0.9228876127973749,0.9213422927033588,0.001392101796250653,68,2.016271638870239,0.09096568898569013,0.0767521858215332,0.003928435477477333,"{'n_estimators': 346, 'max_depth': 7, 'learning_rate': np.float64(0.06105450329101332), 'subsample': np.float64(0.8902403754104223), 'colsample_bytree': np.float64(0.8699881445863519), 'min_child_weight': 1}"
346,7,0.06105450329101332,0.7698281182242285,0.7380819985464547,3,0.8013513513513514,0.8070059484467944,0.811887875717663,0.8093178036605657,0.8005409060175794,0.8060207770387908,0.004429363765036577,415,0.897627343620375,0.9037220843672457,0.9006622516556292,0.899114458329885,0.9000498090652499,0.9002351894076769,0.0020214886738800833,353,1.7906866550445557,0.10640063884726106,0.06191220283508301,0.012778685062019018,"{'n_estimators': 346, 'max_depth': 7, 'learning_rate': np.float64(0.06105450329101332), 'subsample': np.float64(0.7698281182242285), 'colsample_bytree': np.float64(0.7380819985464547), 'min_child_weight': 3}"
346,7,0.06105450329101332,0.8902403754104223,0.7959029036426779,1,0.8031175872585564,0.8160424262512429,0.8096532970768185,0.8098897427330438,0.8004032258064516,0.8078212558252227,0.005520404401010467,308,0.9144270403957131,0.92077580539119,0.9174825174825175,0.9200295882304594,0.9160418554832331,0.9177513613966226,0.002382577453844542,96,1.9800198078155518,0.04537426370237789,0.06571617126464843,0.012746397158985486,"{'n_estimators': 346, 'max_depth': 7, 'learning_rate': np.float64(0.06105450329101332), 'subsample': np.float64(0.8902403754104223), 'colsample_bytree': np.float64(0.7959029036426779), 'min_child_weight': 1}"
587,5,0.09148202493973988,0.8902403754104223,0.7959029036426779,1,0.8096192384769539,0.8114511352418559,0.8084677419354839,0.8071216617210683,0.8002667555851951,0.8073853065921114,0.003832397620390586,338,0.9198360655737705,0.9227499386904275,0.9226117512462205,0.9223848859082359,0.9205672596114436,0.9216299802060195,0.0011946186647919523,66,2.5767354011535644,0.10651350453910968,0.07592110633850098,0.012500650870032111,"{'n_estimators': 587, 'max_depth': 5, 'learning_rate': np.float64(0.09148202493973988), 'subsample': np.float64(0.8902403754104223), 'colsample_bytree': np.float64(0.7959029036426779), 'min_child_weight': 1}"
587,5,0.09148202493973988,0.7698281182242285,0.7380819985464547,4,0.8110289172831204,0.813179571663921,0.8030966004712218,0.8054089709762533,0.8005328005328005,0.8066493721854634,0.0047622925421763745,383,0.9001566493527908,0.9044292875338976,0.902099629477151,0.9019349526554138,0.9033852236224363,0.902401148528338,0.0014441454563782136,343,2.5460768222808836,0.03378936307192089,0.07250690460205078,0.006072295549406182,"{'n_estimators': 587, 'max_depth': 5, 'learning_rate': np.float64(0.09148202493973988), 'subsample': np.float64(0.7698281182242285), 'colsample_bytree': np.float64(0.7380819985464547), 'min_child_weight': 4}"
587,5,0.16453898367056088,0.7868847507357761,0.7247667995666672,9,0.7998676811114787,0.8074534161490683,0.8029197080291971,0.8049414824447334,0.8061964403427818,0.8042757456154519,0.00266457255064272,500,0.918377321603128,0.9227272727272727,0.9238141650422352,0.9221644458888528,0.9226892122591659,0.921954483504131,0.0018673840750649132,64,2.5578067779541014,0.05977859894375008,0.07965445518493652,0.012998143171767167,"{'n_estimators': 587, 'max_depth': 5, 'learning_rate': np.float64(0.16453898367056088), 'subsample': np.float64(0.7868847507357761), 'colsample_bytree': np.float64(0.7247667995666672), 'min_child_weight': 9}"
346,5,0.09148202493973988,0.7698281182242285,0.7959029036426779,1,0.8114671163575042,0.8116133289343451,0.8115254237288135,0.8065268065268065,0.8001345895020189,0.8082534530098977,0.004499320914582804,268,0.8814771687598769,0.8857665447289658,0.8844370860927152,0.8810968009970919,0.8841965250644276,0.8833948251286156,0.00180623395077611,404,1.5660892486572267,0.039397487129650854,0.043295431137084964,0.010965710028845898,"{'n_estimators': 346, 'max_depth': 5, 'learning_rate': np.float64(0.09148202493973988), 'subsample': np.float64(0.7698281182242285), 'colsample_bytree': np.float64(0.7959029036426779), 'min_child_weight': 1}"
346,7,0.06105450329101332,0.8902403754104223,0.8467357408850122,1,0.805291723202171,0.8082419408441343,0.8078884733083985,0.8099667774086379,0.8091706001348618,0.8081119029796406,0.0015862940115415624,275,0.9164811608541512,0.9224710804824021,0.9208278580814717,0.9208668527335413,0.9177225604739181,0.9196739025250968,0.0022172182269159625,78,2.0011305809020996,0.08572997725820003,0.06535477638244629,0.01033163325019707,"{'n_estimators': 346, 'max_depth': 7, 'learning_rate': np.float64(0.06105450329101332), 'subsample': np.float64(0.8902403754104223), 'colsample_bytree': np.float64(0.8467357408850122), 'min_child_weight': 1}"
587,5,0.06105450329101332,0.9099010106178466,0.7959029036426779,10,0.8100237047070775,0.8107569721115537,0.8092016238159675,0.8106489184692179,0.800941492938803,0.808314542408524,0.0037278621786800132,261,0.8598209055151058,0.8607489134068873,0.8592704149933066,0.8572625932444892,0.8615641990798829,0.8597334052479344,0.00146355670235253,468,2.5708566665649415,0.07661238489489783,0.08117742538452148,0.012996268706436541,"{'n_estimators': 587, 'max_depth': 5, 'learning_rate': np.float64(0.06105450329101332), 'subsample': np.float64(0.9099010106178466), 'colsample_bytree': np.float64(0.7959029036426779), 'min_child_weight': 10}"
587,5,0.047825496997269436,0.7147893522243444,0.8467357408850122,1,0.8100237047070775,0.8096977748256393,0.8089279675346636,0.8128946493851777,0.7995930824008138,0.8082274357706745,0.0045213751186962475,271,0.8734061171764314,0.875888006686168,0.8768858881387014,0.8732982544057463,0.877368728608398,0.875369399003089,0.0017152333702461651,431,2.758384943008423,0.054609311814661506,0.07998247146606445,0.013401235929386766,"{'n_estimators': 587, 'max_depth': 5, 'learning_rate': np.float64(0.047825496997269436), 'subsample': np.float64(0.7147893522243444), 'colsample_bytree': np.float64(0.8467357408850122), 'min_child_weight': 1}"
587,5,0.06105450329101332,0.8902403754104223,0.8467357408850122,3,0.8068988840040582,0.8129543952412426,0.8051507963402237,0.8112956810631229,0.8018867924528302,0.8076373098202956,0.004036125604838845,321,0.878008160546257,0.8818136356059343,0.8822746923844363,0.8771052192763048,0.8825148003001752,0.8803433016226215,0.0023041536377584795,412,2.502188301086426,0.07352034485362709,0.07749152183532715,0.0084076253774395,"{'n_estimators': 587, 'max_depth': 5, 'learning_rate': np.float64(0.06105450329101332), 'subsample': np.float64(0.8902403754104223), 'colsample_bytree': np.float64(0.8467357408850122), 'min_child_weight': 3}"
346,5,0.06105450329101332,0.9099010106178466,0.7959029036426779,1,0.8057162300102075,0.8103217158176944,0.8072207084468664,0.805769875880577,0.8006768189509307,0.8059410698212552,0.0031183242900617134,421,0.8526050420168068,0.8547584927927169,0.8557740796772567,0.851565129585998,0.8543313708999158,0.8538068229945388,0.001517919077015117,494,1.5014261722564697,0.0466339361432264,0.05125546455383301,0.003530706711303179,"{'n_estimators': 346, 'max_depth': 5, 'learning_rate': np.float64(0.06105450329101332), 'subsample': np.float64(0.9099010106178466), 'colsample_bytree': np.float64(0.7959029036426779), 'min_child_weight': 1}"
587,7,0.06105450329101332,0.8902403754104223,0.8699881445863519,1,0.8109735697557712,0.8117375535773161,0.808135593220339,0.8096656736180072,0.8039083557951483,0.8088841491933163,0.002772624434638037,229,0.9703396587466114,0.974456910957269,0.9695083014048531,0.9709682565002393,0.9709047429254684,0.9712355741068883,0.001693756440402291,16,3.132750415802002,0.14500065303124823,0.10616321563720703,0.020617681966245555,"{'n_estimators': 587, 'max_depth': 7, 'learning_rate': np.float64(0.06105450329101332), 'subsample': np.float64(0.8902403754104223), 'colsample_bytree': np.float64(0.8699881445863519), 'min_child_weight': 1}"
587,5,0.06105450329101332,0.8902403754104223,0.8467357408850122,3,0.8068988840040582,0.8129543952412426,0.8051507963402237,0.8112956810631229,0.8018867924528302,0.8076373098202956,0.004036125604838845,321,0.878008160546257,0.8818136356059343,0.8822746923844363,0.8771052192763048,0.8825148003001752,0.8803433016226215,0.0023041536377584795,412,2.502188301086426,0.07352034485362709,0.07749152183532715,0.0084076253774395,"{'n_estimators': 587, 'max_depth': 5, 'learning_rate': np.float64(0.06105450329101332), 'subsample': np.float64(0.8902403754104223), 'colsample_bytree': np.float64(0.8467357408850122), 'min_child_weight': 3}"
346,5,0.09148202493973988,0.7698281182242285,0.8467357408850122,1,0.8060913705583757,0.8124792565549287,0.8094754653130287,0.8105960264900662,0.8010788941335132,0.8079442026099827,0.004012707233996467,298,0.8826462765957447,0.885730906673315,0.8846185703636213,0.8815417843495598,0.8844747340425532,0.8838024544049589,0.001502285561824576,403,1.5865168571472168,0.07199843323438417,0.0508455753326416,0.009740694162305965,"{'n_estimators': 346, 'max_depth': 5, 'learning_rate': np.float64(0.09148202493973988), 'subsample': np.float64(0.7698281182242285), 'colsample_bytree': np.float64(0.8467357408850122), 'min_child_weight': 1}"
346,7,0.06105450329101332,0.8902403754104223,0.7959029036426779,1,0.8031175872585564,0.8160424262512429,0.8096532970768185,0.8098897427330438,0.8004032258064516,0.8078212558252227,0.005520404401010467,308,0.9144270403957131,0.92077580539119,0.9174825174825175,0.9200295882304594,0.9160418554832331,0.9177513613966226,0.002382577453844542,96,1.9800198078155518,0.04537426370237789,0.06571617126464843,0.012746397158985486,"{'n_estimators': 346, 'max_depth': 7, 'learning_rate': np.float64(0.06105450329101332), 'subsample': np.float64(0.8902403754104223), 'colsample_bytree': np.float64(0.7959029036426779), 'min_child_weight': 1}"
346,5,0.06105450329101332,0.9099010106178466,0.7380819985464547,3,0.8080463689055575,0.8096676737160121,0.8099624701467076,0.8049681101040618,0.7986486486486486,0.8062586543041975,0.004197934707716733,403,0.8458618071374335,0.8476608680966053,0.8480607082630691,0.8452441290758574,0.8481172605509224,0.8469889546247776,0.001199005879233191,515,1.6223309993743897,0.0733559923376577,0.0551793098449707,0.003878484341728559,"{'n_estimators': 346, 'max_depth': 5, 'learning_rate': np.float64(0.06105450329101332), 'subsample': np.float64(0.9099010106178466), 'colsample_bytree': np.float64(0.7380819985464547), 'min_child_weight': 3}"
346,5,0.06105450329101332,0.9099010106178466,0.7959029036426779,1,0.8057162300102075,0.8103217158176944,0.8072207084468664,0.805769875880577,0.8006768189509307,0.8059410698212552,0.0031183242900617134,421,0.8526050420168068,0.8547584927927169,0.8557740796772567,0.851565129585998,0.8543313708999158,0.8538068229945388,0.001517919077015117,494,1.5014261722564697,0.0466339361432264,0.05125546455383301,0.003530706711303179,"{'n_estimators': 346, 'max_depth': 5, 'learning_rate': np.float64(0.06105450329101332), 'subsample': np.float64(0.9099010106178466), 'colsample_bytree': np.float64(0.7959029036426779), 'min_child_weight': 1}"
587,5,0.06105450329101332,0.9099010106178466,0.8699881445863519,8,0.8070532383858935,0.8081143997339542,0.8066260987153482,0.8148148148148148,0.800672268907563,0.8074561641115148,0.004504566708315142,334,0.8653701694349386,0.8672462798863066,0.8662101219308502,0.8631719979902864,0.8692744901370779,0.8662546118758918,0.0020193957665381335,453,2.535139226913452,0.10312790389325863,0.08084645271301269,0.012074023154981186,"{'n_estimators': 587, 'max_depth': 5, 'learning_rate': np.float64(0.06105450329101332), 'subsample': np.float64(0.9099010106178466), 'colsample_bytree': np.float64(0.8699881445863519), 'min_child_weight': 8}"
346,5,0.06105450329101332,0.8902403754104223,0.8467357408850122,1,0.8012253233492171,0.8096192384769539,0.8075880758807588,0.8104838709677419,0.798504926945294,0.8054842871239932,0.004761718794174753,455,0.8527339818852734,0.8565422132526068,0.857622565480188,0.8525748906092225,0.8572390005888786,0.8553425303632338,0.002222554991725023,486,1.5183308124542236,0.025792198471513487,0.050799989700317384,0.005044204023616021,"{'n_estimators': 346, 'max_depth': 5, 'learning_rate': np.float64(0.06105450329101332), 'subsample': np.float64(0.8902403754104223), 'colsample_bytree': np.float64(0.8467357408850122), 'min_child_weight': 1}"
346,7,0.06105450329101332,0.8902403754104223,0.7247667995666672,10,0.8040609137055837,0.8093333333333333,0.8001352722353737,0.810109743930828,0.799459824442944,0.8046198175296124,0.004458824323916558,490,0.8679182311222361,0.8660242982823628,0.8666722394048315,0.864050865891408,0.8701168614357262,0.8669564992273131,0.0020152084188611507,451,1.741953229904175,0.044814934814871255,0.07263007164001464,0.010634985972244418,"{'n_estimators': 346, 'max_depth': 7, 'learning_rate': np.float64(0.06105450329101332), 'subsample': np.float64(0.8902403754104223), 'colsample_bytree': np.float64(0.7247667995666672), 'min_child_weight': 10}"
587,5,0.047825496997269436,0.7147893522243444,0.8467357408850122,10,0.8059802922188243,0.805186170212766,0.8068143100511074,0.8084393837910248,0.8009462656302805,0.8054732843808005,0.002507169153472426,461,0.8512382864792504,0.8511889757163263,0.8527638190954774,0.8478534823153827,0.8519293546497029,0.8509947836512278,0.0016713879036409458,507,2.5889728546142576,0.0914660842402845,0.07978005409240722,0.01065909045394079,"{'n_estimators': 587, 'max_depth': 5, 'learning_rate': np.float64(0.047825496997269436), 'subsample': np.float64(0.7147893522243444), 'colsample_bytree': np.float64(0.8467357408850122), 'min_child_weight': 10}"
587,7,0.06105450329101332,0.8902403754104223,0.7959029036426779,10,0.8036072144288577,0.8088478045559591,0.8062015503875969,0.808454425363276,0.7997325309261116,0.8053687051323604,0.0033819740550053564,463,0.8991340206185567,0.9043736100815419,0.9011929247223365,0.9000247667794931,0.8995460173338836,0.9008542679071624,0.001889936517244662,349,2.767484951019287,0.04647417430446234,0.10367674827575683,0.02234093273005547,"{'n_estimators': 587, 'max_depth': 7, 'learning_rate': np.float64(0.06105450329101332), 'subsample': np.float64(0.8902403754104223), 'colsample_bytree': np.float64(0.7959029036426779), 'min_child_weight': 10}"
587,7,0.06105450329101332,0.8902403754104223,0.8467357408850122,1,0.8079247817327065,0.8079077429983526,0.808251606357795,0.8114511352418559,0.8038887026483406,0.8078847937958102,0.0024010086599299345,299,0.9677161579031485,0.9722532291500559,0.9686850934654098,0.9702670386608211,0.9698516509810177,0.9697546340320905,0.0015371564856894834,19,3.186824178695679,0.08137471463997169,0.1142796516418457,0.01501136996236668,"{'n_estimators': 587, 'max_depth': 7, 'learning_rate': np.float64(0.06105450329101332), 'subsample': np.float64(0.8902403754104223), 'colsample_bytree': np.float64(0.8467357408850122), 'min_child_weight': 1}"
346,7,0.06105450329101332,0.7698281182242285,0.7959029036426779,1,0.8004066418163335,0.8096816976127321,0.8076138681169273,0.8041237113402062,0.8016167059616033,0.8046885249695604,0.003509387848779447,489,0.9182783310015636,0.926035018818524,0.921623397962537,0.9223086369218174,0.9231400213272086,0.9222770812063301,0.002501402066676971,63,1.909134864807129,0.08080205271591381,0.06119704246520996,0.01229243981289172,"{'n_estimators': 346, 'max_depth': 7, 'learning_rate': np.float64(0.06105450329101332), 'subsample': np.float64(0.7698281182242285), 'colsample_bytree': np.float64(0.7959029036426779), 'min_child_weight': 1}"
587,5,0.06105450329101332,0.9099010106178466,0.7247667995666672,10,0.8081218274111676,0.8104878858280783,0.8048533872598584,0.8081414748081415,0.7970280310705843,0.805726521275566,0.004704597311252435,442,0.8610367892976588,0.8588669125041904,0.8593867491018464,0.8567352077213596,0.8602042524694459,0.8592459822189003,0.001455525307774323,475,2.309087705612183,0.08635996711298155,0.07050814628601074,0.015322195114738042,"{'n_estimators': 587, 'max_depth': 5, 'learning_rate': np.float64(0.06105450329101332), 'subsample': np.float64(0.9099010106178466), 'colsample_bytree': np.float64(0.7247667995666672), 'min_child_weight': 10}"
346,7,0.06105450329101332,0.8902403754104223,0.8467357408850122,1,0.805291723202171,0.8082419408441343,0.8078884733083985,0.8099667774086379,0.8091706001348618,0.8081119029796406,0.0015862940115415624,275,0.9164811608541512,0.9224710804824021,0.9208278580814717,0.9208668527335413,0.9177225604739181,0.9196739025250968,0.0022172182269159625,78,2.0011305809020996,0.08572997725820003,0.06535477638244629,0.01033163325019707,"{'n_estimators': 346, 'max_depth': 7, 'learning_rate': np.float64(0.06105450329101332), 'subsample': np.float64(0.8902403754104223), 'colsample_bytree': np.float64(0.8467357408850122), 'min_child_weight': 1}"
346,2,0.06105450329101332,0.8902403754104223,0.8699881445863519,8,0.7795115332428765,0.7890337679705784,0.7878165639972622,0.7923387096774194,0.7845266372582287,0.786645442429273,0.004355936459813766,552,0.7921946274708566,0.7925198849213064,0.7915182357930449,0.7908081065038582,0.7928734273410454,0.7919828564060223,0.0007378716483339261,552,1.141840362548828,0.051024012944051685,0.02895665168762207,0.008697281007571299,"{'n_estimators': 346, 'max_depth': 2, 'learning_rate': np.float64(0.06105450329101332), 'subsample': np.float64(0.8902403754104223), 'colsample_bytree': np.float64(0.8699881445863519), 'min_child_weight': 8}"
587,5,0.06105450329101332,0.7147893522243444,0.8467357408850122,1,0.8126259234385493,0.8117375535773161,0.8059499661933739,0.8124379755210056,0.8004032258064516,0.8086309289073395,0.004795567984152959,231,0.8903803131991052,0.8954631848607553,0.8942578189640907,0.8933951332560834,0.892907507258399,0.8932807915076868,0.0016901250239452698,370,2.537215757369995,0.10677391644359106,0.0746497631072998,0.015650532981872863,"{'n_estimators': 587, 'max_depth': 5, 'learning_rate': np.float64(0.06105450329101332), 'subsample': np.float64(0.7147893522243444), 'colsample_bytree': np.float64(0.8467357408850122), 'min_child_weight': 1}"
346,5,0.06105450329101332,0.8902403754104223,0.7959029036426779,1,0.8041025641025641,0.8082832331329325,0.8111792774369462,0.805769875880577,0.7995937711577522,0.8057857443421543,0.003911560531247147,435,0.8532056129736997,0.856637764121559,0.8568069202989838,0.8541403951240016,0.8560606060606061,0.8553702597157701,0.0014384298076669838,483,1.4624839305877686,0.11374899776506364,0.045163965225219725,0.011025224784750454,"{'n_estimators': 346, 'max_depth': 5, 'learning_rate': np.float64(0.06105450329101332), 'subsample': np.float64(0.8902403754104223), 'colsample_bytree': np.float64(0.7959029036426779), 'min_child_weight': 1}"
587,5,0.06105450329101332,0.9099010106178466,0.7959029036426779,10,0.8100237047070775,0.8107569721115537,0.8092016238159675,0.8106489184692179,0.800941492938803,0.808314542408524,0.0037278621786800132,261,0.8598209055151058,0.8607489134068873,0.8592704149933066,0.8572625932444892,0.8615641990798829,0.8597334052479344,0.00146355670235253,468,2.5708566665649415,0.07661238489489783,0.08117742538452148,0.012996268706436541,"{'n_estimators': 587, 'max_depth': 5, 'learning_rate': np.float64(0.06105450329101332), 'subsample': np.float64(0.9099010106178466), 'colsample_bytree': np.float64(0.7959029036426779), 'min_child_weight': 10}"
346,7,0.06105450329101332,0.8549873451336425,0.8699881445863519,8,0.8066373179817136,0.8107391448458734,0.8032564450474898,0.8073333333333333,0.8022826451829473,0.8060497772782714,0.003032387758315507,414,0.8785202466255624,0.8784313725490196,0.8762206827476838,0.8728820632668391,0.8790585093064018,0.8770225748991013,0.0022873402863976995,423,1.703750991821289,0.0882412782082459,0.05923337936401367,0.009943506527523382,"{'n_estimators': 346, 'max_depth': 7, 'learning_rate': np.float64(0.06105450329101332), 'subsample': np.float64(0.8549873451336425), 'colsample_bytree': np.float64(0.8699881445863519), 'min_child_weight': 8}"
346,5,0.16453898367056088,0.8902403754104223,0.8467357408850122,1,0.8100334448160535,0.8096179183135704,0.8081687311683964,0.8143044619422573,0.8041374708041374,0.809252405408883,0.003274257269237518,227,0.9275999674240574,0.9277393075356416,0.9274653626731867,0.9256965944272446,0.9257385343561286,0.9268479532832519,0.0009271105216930719,52,1.5242227077484132,0.0572180322727764,0.044905471801757815,0.01186405998426856,"{'n_estimators': 346, 'max_depth': 5, 'learning_rate': np.float64(0.16453898367056088), 'subsample': np.float64(0.8902403754104223), 'colsample_bytree': np.float64(0.8467357408850122), 'min_child_weight': 1}"
346,7,0.06105450329101332,0.9099010106178466,0.8467357408850122,1,0.8074198988195616,0.8139303482587065,0.802725724020443,0.8098568098568099,0.8076793533176153,0.8083224268546273,0.0036429190689327116,258,0.9165981246915611,0.9194304995473623,0.9213446206953234,0.9169544482815326,0.9169823752264866,0.9182620136884532,0.0018430167466398206,93,2.021034097671509,0.15833538868983776,0.06176538467407226,0.009928057868498404,"{'n_estimators': 346, 'max_depth': 7, 'learning_rate': np.float64(0.06105450329101332), 'subsample': np.float64(0.9099010106178466), 'colsample_bytree': np.float64(0.8467357408850122), 'min_child_weight': 1}"
346,7,0.06105450329101332,0.8902403754104223,0.7959029036426779,1,0.8031175872585564,0.8160424262512429,0.8096532970768185,0.8098897427330438,0.8004032258064516,0.8078212558252227,0.005520404401010467,308,0.9144270403957131,0.92077580539119,0.9174825174825175,0.9200295882304594,0.9160418554832331,0.9177513613966226,0.002382577453844542,96,1.9800198078155518,0.04537426370237789,0.06571617126464843,0.012746397158985486,"{'n_estimators': 346, 'max_depth': 7, 'learning_rate': np.float64(0.06105450329101332), 'subsample': np.float64(0.8902403754104223), 'colsample_bytree': np.float64(0.7959029036426779), 'min_child_weight': 1}"
346,7,0.06105450329101332,0.8902403754104223,0.8699881445863519,8,0.8113207547169812,0.8111147866357923,0.8051334008780817,0.810379241516966,0.8022941970310391,0.808048476155772,0.003664749001798386,289,0.875396163469558,0.8771345272802998,0.8768357810413885,0.8736112271322363,0.8759294845016292,0.8757814366850223,0.0012508124791822156,426,1.6905450344085693,0.062359177918372,0.062243080139160155,0.009218404909985657,"{'n_estimators': 346, 'max_depth': 7, 'learning_rate': np.float64(0.06105450329101332), 'subsample': np.float64(0.8902403754104223), 'colsample_bytree': np.float64(0.8699881445863519), 'min_child_weight': 8}"
346,7,0.06105450329101332,0.8902403754104223,0.8467357408850122,1,0.805291723202171,0.8082419408441343,0.8078884733083985,0.8099667774086379,0.8091706001348618,0.8081119029796406,0.0015862940115415624,275,0.9164811608541512,0.9224710804824021,0.9208278580814717,0.9208668527335413,0.9177225604739181,0.9196739025250968,0.0022172182269159625,78,2.0011305809020996,0.08572997725820003,0.06535477638244629,0.01033163325019707,"{'n_estimators': 346, 'max_depth': 7, 'learning_rate': np.float64(0.06105450329101332), 'subsample': np.float64(0.8902403754104223), 'colsample_bytree': np.float64(0.8467357408850122), 'min_child_weight': 1}"
587,7,0.06105450329101332,0.8902403754104223,0.8467357408850122,10,0.8101774355540676,0.8106684227856438,0.8077956989247311,0.8072847682119205,0.8040066777963272,0.807986600654538,0.002381626574639626,296,0.9,0.9035499546989539,0.9023968371633309,0.8987373112156475,0.9013201320132013,0.9012008470182268,0.0017014094418826753,348,2.7335367679595945,0.03674421677559609,0.0934117317199707,0.01077727672927159,"{'n_estimators': 587, 'max_depth': 7, 'learning_rate': np.float64(0.06105450329101332), 'subsample': np.float64(0.8902403754104223), 'colsample_bytree': np.float64(0.8467357408850122), 'min_child_weight': 10}"
587,5,0.06105450329101332,0.8902403754104223,0.8467357408850122,3,0.8068988840040582,0.8129543952412426,0.8051507963402237,0.8112956810631229,0.8018867924528302,0.8076373098202956,0.004036125604838845,321,0.878008160546257,0.8818136356059343,0.8822746923844363,0.8771052192763048,0.8825148003001752,0.8803433016226215,0.0023041536377584795,412,2.502188301086426,0.07352034485362709,0.07749152183532715,0.0084076253774395,"{'n_estimators': 587, 'max_depth': 5, 'learning_rate': np.float64(0.06105450329101332), 'subsample': np.float64(0.8902403754104223), 'colsample_bytree': np.float64(0.8467357408850122), 'min_child_weight': 3}"
346,5,0.06105450329101332,0.8902403754104223,0.8467357408850122,1,0.8012253233492171,0.8096192384769539,0.8075880758807588,0.8104838709677419,0.798504926945294,0.8054842871239932,0.004761718794174753,455,0.8527339818852734,0.8565422132526068,0.857622565480188,0.8525748906092225,0.8572390005888786,0.8553425303632338,0.002222554991725023,486,1.5183308124542236,0.025792198471513487,0.050799989700317384,0.005044204023616021,"{'n_estimators': 346, 'max_depth': 5, 'learning_rate': np.float64(0.06105450329101332), 'subsample': np.float64(0.8902403754104223), 'colsample_bytree': np.float64(0.8467357408850122), 'min_child_weight': 1}"
346,7,0.06105450329101332,0.9099010106178466,0.7959029036426779,1,0.8034013605442177,0.8139767054908486,0.8053187862257075,0.8090485695276114,0.7990575563783238,0.8061605956333417,0.005063736852024582,407,0.9160556882774529,0.9183841714756801,0.9166597972137499,0.9161184210526315,0.9140122132365077,0.9162460582512043,0.0013989498647812158,106,1.869619655609131,0.09835413879169597,0.07825040817260742,0.008188473932215822,"{'n_estimators': 346, 'max_depth': 7, 'learning_rate': np.float64(0.06105450329101332), 'subsample': np.float64(0.9099010106178466), 'colsample_bytree': np.float64(0.7959029036426779), 'min_child_weight': 1}"
587,5,0.06105450329101332,0.8902403754104223,0.8467357408850122,1,0.8083953960731212,0.8086522462562395,0.8058186738836265,0.8102529960053262,0.8001348163127738,0.8066508257062175,0.0035545940954825584,379,0.8869709543568465,0.8918424987539458,0.8924401755402832,0.8880950402924317,0.891952495639897,0.8902602329166809,0.0022639293580255606,384,2.441364622116089,0.03883092839538925,0.06887688636779785,0.018186791242220366,"{'n_estimators': 587, 'max_depth': 5, 'learning_rate': np.float64(0.06105450329101332), 'subsample': np.float64(0.8902403754104223), 'colsample_bytree': np.float64(0.8467357408850122), 'min_child_weight': 1}"
587,5,0.047825496997269436,0.7147893522243444,0.7380819985464547,3,0.8048780487804879,0.8114399733954107,0.8074829931972789,0.8076152304609219,0.8005390835579514,0.8063910658784101,0.0035977011862454475,394,0.8638112765601472,0.8631102164066432,0.8652304609218436,0.8649916247906198,0.8646881287726358,0.864366341490378,0.0007908446061244152,457,2.511219835281372,0.049708767342235304,0.0880357265472412,0.011007697917652716,"{'n_estimators': 587, 'max_depth': 5, 'learning_rate': np.float64(0.047825496997269436), 'subsample': np.float64(0.7147893522243444), 'colsample_bytree': np.float64(0.7380819985464547), 'min_child_weight': 3}"
587,7,0.047825496997269436,0.7147893522243444,0.8467357408850122,1,0.8036498817167962,0.8124174372523117,0.8059399257509281,0.8056934789804701,0.8061807188444743,0.8067762885089961,0.0029605290384650505,371,0.9518975102731448,0.9520199983872268,0.9533853957008293,0.9533102169179904,0.9517664139377319,0.9524759070433847,0.0007168010293571596,37,3.342384767532349,0.1370962352571555,0.11637139320373535,0.014455454555325622,"{'n_estimators': 587, 'max_depth': 7, 'learning_rate': np.float64(0.047825496997269436), 'subsample': np.float64(0.7147893522243444), 'colsample_bytree': np.float64(0.8467357408850122), 'min_child_weight': 1}"
587,7,0.06105450329101332,0.8902403754104223,0.8467357408850122,1,0.8079247817327065,0.8079077429983526,0.808251606357795,0.8114511352418559,0.8038887026483406,0.8078847937958102,0.0024010086599299345,299,0.9677161579031485,0.9722532291500559,0.9686850934654098,0.9702670386608211,0.9698516509810177,0.9697546340320905,0.0015371564856894834,19,3.186824178695679,0.08137471463997169,0.1142796516418457,0.01501136996236668,"{'n_estimators': 587, 'max_depth': 7, 'learning_rate': np.float64(0.06105450329101332), 'subsample': np.float64(0.8902403754104223), 'colsample_bytree': np.float64(0.8467357408850122), 'min_child_weight': 1}"
587,5,0.06105450329101332,0.9099010106178466,0.8699881445863519,1,0.8082376772451046,0.8091451292246521,0.8087689713322092,0.8128946493851777,0.8036314727639543,0.8085355799902196,0.0029518306696024506,244,0.8875769166805255,0.8907325976935203,0.891726081910131,0.8904746100232327,0.8901445903274057,0.8901309593269631,0.0013818683167717166,388,2.3425268650054933,0.0842512535001512,0.06344070434570312,0.007838399722381527,"{'n_estimators': 587, 'max_depth': 5, 'learning_rate': np.float64(0.06105450329101332), 'subsample': np.float64(0.9099010106178466), 'colsample_bytree': np.float64(0.8699881445863519), 'min_child_weight': 1}"
346,5,0.06105450329101332,0.8902403754104223,0.7959029036426779,1,0.8041025641025641,0.8082832331329325,0.8111792774369462,0.805769875880577,0.7995937711577522,0.8057857443421543,0.003911560531247147,435,0.8532056129736997,0.856637764121559,0.8568069202989838,0.8541403951240016,0.8560606060606061,0.8553702597157701,0.0014384298076669838,483,1.4624839305877686,0.11374899776506364,0.045163965225219725,0.011025224784750454,"{'n_estimators': 346, 'max_depth': 5, 'learning_rate': np.float64(0.06105450329101332), 'subsample': np.float64(0.8902403754104223), 'colsample_bytree': np.float64(0.7959029036426779), 'min_child_weight': 1}"
587,7,0.06105450329101332,0.8902403754104223,0.7959029036426779,1,0.8065705665437479,0.814595660749507,0.8082237950792046,0.8079601990049752,0.8030707610146862,0.8080841964784241,0.0037379042476918174,287,0.9664322250639387,0.969561396500759,0.9687325069972011,0.9705295104224902,0.9673192169396724,0.9685149711848122,0.001481104704634633,26,3.0876701354980467,0.04492006900405278,0.11229801177978516,0.0217391903692264,"{'n_estimators': 587, 'max_depth': 7, 'learning_rate': np.float64(0.06105450329101332), 'subsample': np.float64(0.8902403754104223), 'colsample_bytree': np.float64(0.7959029036426779), 'min_child_weight': 1}"
346,5,0.16453898367056088,0.8902403754104223,0.7380819985464547,1,0.8033444816053512,0.8071099407504937,0.805880387570999,0.810009878169246,0.7989329776592198,0.8050555331510619,0.003737910996817961,471,0.9192689123842308,0.9257449926722032,0.9256022866476112,0.9233028720626631,0.9229263518473207,0.9233690831228059,0.002351337455252468,61,1.4070870876312256,0.04621241311088339,0.0509859561920166,0.012690167038758126,"{'n_estimators': 346, 'max_depth': 5, 'learning_rate': np.float64(0.16453898367056088), 'subsample': np.float64(0.8902403754104223), 'colsample_bytree': np.float64(0.7380819985464547), 'min_child_weight': 1}"
346,7,0.06105450329101332,0.8902403754104223,0.8699881445863519,1,0.8006756756756757,0.8065159574468085,0.8113465481886535,0.8154306617891587,0.8033726812816189,0.8074683048763831,0.005334056777172611,328,0.9195723684210526,0.9226092671705554,0.9218262440466415,0.9198159710811699,0.9228876127973749,0.9213422927033588,0.001392101796250653,68,2.016271638870239,0.09096568898569013,0.0767521858215332,0.003928435477477333,"{'n_estimators': 346, 'max_depth': 7, 'learning_rate': np.float64(0.06105450329101332), 'subsample': np.float64(0.8902403754104223), 'colsample_bytree': np.float64(0.8699881445863519), 'min_child_weight': 1}"
346,5,0.09148202493973988,0.7698281182242285,0.8699881445863519,1,0.808610830810629,0.8067841702693714,0.8123947457056248,0.8118548118548119,0.802013422818792,0.8083315962918458,0.0037766134647043504,255,0.881584422068736,0.882798833819242,0.8870473191348305,0.8821917808219178,0.886616791354946,0.8840478294399345,0.0023095361508316953,400,1.4860817909240722,0.08443693934997067,0.041672563552856444,0.011800958586340901,"{'n_estimators': 346, 'max_depth': 5, 'learning_rate': np.float64(0.09148202493973988), 'subsample': np.float64(0.7698281182242285), 'colsample_bytree': np.float64(0.8699881445863519), 'min_child_weight': 1}"
587,5,0.13828544731222903,0.7147893522243444,0.8467357408850122,1,0.8033222591362126,0.8020901371652515,0.8016005335111704,0.8130293159609121,0.7949484878697242,0.8029981467286541,0.005801796563772257,518,0.9560756652773325,0.9574707109613224,0.9579926246592914,0.9609787302094994,0.9568627450980393,0.9578760952410968,0.0016776582389511233,35,2.575884532928467,0.09891232542085063,0.06888904571533203,0.017429333252483643,"{'n_estimators': 587, 'max_depth': 5, 'learning_rate': np.float64(0.13828544731222903), 'subsample': np.float64(0.7147893522243444), 'colsample_bytree': np.float64(0.8467357408850122), 'min_child_weight': 1}"
587,5,0.06105450329101332,0.8902403754104223,0.8467357408850122,1,0.8083953960731212,0.8086522462562395,0.8058186738836265,0.8102529960053262,0.8001348163127738,0.8066508257062175,0.0035545940954825584,379,0.8869709543568465,0.8918424987539458,0.8924401755402832,0.8880950402924317,0.891952495639897,0.8902602329166809,0.0022639293580255606,384,2.441364622116089,0.03883092839538925,0.06887688636779785,0.018186791242220366,"{'n_estimators': 587, 'max_depth': 5, 'learning_rate': np.float64(0.06105450329101332), 'subsample': np.float64(0.8902403754104223), 'colsample_bytree': np.float64(0.8467357408850122), 'min_child_weight': 1}"
346,5,0.09148202493973988,0.7698281182242285,0.7959029036426779,1,0.8114671163575042,0.8116133289343451,0.8115254237288135,0.8065268065268065,0.8001345895020189,0.8082534530098977,0.004499320914582804,268,0.8814771687598769,0.8857665447289658,0.8844370860927152,0.8810968009970919,0.8841965250644276,0.8833948251286156,0.00180623395077611,404,1.5660892486572267,0.039397487129650854,0.043295431137084964,0.010965710028845898,"{'n_estimators': 346, 'max_depth': 5, 'learning_rate': np.float64(0.09148202493973988), 'subsample': np.float64(0.7698281182242285), 'colsample_bytree': np.float64(0.7959029036426779), 'min_child_weight': 1}"
587,5,0.06105450329101332,0.7147893522243444,0.8467357408850122,8,0.8068872383524646,0.8117958913187542,0.8031070584262073,0.808496515101228,0.7972927241962775,0.8055158854789864,0.0049724453591314865,454,0.8655097613882863,0.8674839462930531,0.8660051696823147,0.8670616707001586,0.8679245283018868,0.8667970152731399,0.000905234152575305,452,2.426808071136475,0.10498592793775396,0.06699714660644532,0.01754981165794835,"{'n_estimators': 587, 'max_depth': 5, 'learning_rate': np.float64(0.06105450329101332), 'subsample': np.float64(0.7147893522243444), 'colsample_bytree': np.float64(0.8467357408850122), 'min_child_weight': 8}"
587,5,0.06105450329101332,0.7147893522243444,0.8467357408850122,10,0.8084096303831807,0.8103277060575969,0.8013536379018612,0.8098240955857949,0.7971650354370571,0.8054160210730983,0.00523639547769179,462,0.8618157543391188,0.8638944555778223,0.8636628633297243,0.8603893391260757,0.8653156534067217,0.8630156131558925,0.001721537592120634,459,2.3793670654296877,0.04054903731959429,0.08334579467773437,0.008944116971473853,"{'n_estimators': 587, 'max_depth': 5, 'learning_rate': np.float64(0.06105450329101332), 'subsample': np.float64(0.7147893522243444), 'colsample_bytree': np.float64(0.8467357408850122), 'min_child_weight': 10}"
346,7,0.06105450329101332,0.8902403754104223,0.7959029036426779,8,0.8037953236191122,0.8121894667108314,0.806484295845998,0.8063872255489022,0.8071356445641198,0.8071983912577927,0.0027445787561428243,345,0.875709042375709,0.8783095297753278,0.8748227837544825,0.8695797476815106,0.8750835003340013,0.8747009207842062,0.002843448597646073,435,1.635498857498169,0.06836313533109617,0.0696101188659668,0.015283687813139067,"{'n_estimators': 346, 'max_depth': 7, 'learning_rate': np.float64(0.06105450329101332), 'subsample': np.float64(0.8902403754104223), 'colsample_bytree': np.float64(0.7959029036426779), 'min_child_weight': 8}"
587,7,0.06105450329101332,0.8902403754104223,0.7959029036426779,1,0.8065705665437479,0.814595660749507,0.8082237950792046,0.8079601990049752,0.8030707610146862,0.8080841964784241,0.0037379042476918174,287,0.9664322250639387,0.969561396500759,0.9687325069972011,0.9705295104224902,0.9673192169396724,0.9685149711848122,0.001481104704634633,26,3.0876701354980467,0.04492006900405278,0.11229801177978516,0.0217391903692264,"{'n_estimators': 587, 'max_depth': 7, 'learning_rate': np.float64(0.06105450329101332), 'subsample': np.float64(0.8902403754104223), 'colsample_bytree': np.float64(0.7959029036426779), 'min_child_weight': 1}"
587,5,0.06105450329101332,0.7147893522243444,0.9959116515879607,1,0.8068756319514662,0.8119205298013245,0.8087986463620981,0.8111332007952287,0.8030758943497158,0.8083607806519666,0.0031838826525971125,251,0.8939093015557762,0.8985698933619906,0.8974528613959643,0.8958557366200678,0.8956658655838237,0.8962907317035246,0.0015997506822163184,361,2.5721067905426027,0.056788809545174596,0.07579226493835449,0.010889651553042248,"{'n_estimators': 587, 'max_depth': 5, 'learning_rate': np.float64(0.06105450329101332), 'subsample': np.float64(0.7147893522243444), 'colsample_bytree': np.float64(0.9959116515879607), 'min_child_weight': 1}"
346,5,0.06105450329101332,0.9099010106178466,0.8467357408850122,1,0.8070652173913043,0.8080133555926544,0.8009510869565217,0.8085819644653034,0.7997293640054127,0.8048681976822394,0.003748662310693662,478,0.8529411764705882,0.8550198429451997,0.8556553866823411,0.852216334426781,0.8549515381373789,0.8541568557324577,0.001331567577506354,491,1.4547221183776855,0.04867760439194729,0.04592461585998535,0.012362743868116035,"{'n_estimators': 346, 'max_depth': 5, 'learning_rate': np.float64(0.06105450329101332), 'subsample': np.float64(0.9099010106178466), 'colsample_bytree': np.float64(0.8467357408850122), 'min_child_weight': 1}"
346,7,0.06105450329101332,0.8902403754104223,0.8699881445863519,1,0.8006756756756757,0.8065159574468085,0.8113465481886535,0.8154306617891587,0.8033726812816189,0.8074683048763831,0.005334056777172611,328,0.9195723684210526,0.9226092671705554,0.9218262440466415,0.9198159710811699,0.9228876127973749,0.9213422927033588,0.001392101796250653,68,2.016271638870239,0.09096568898569013,0.0767521858215332,0.003928435477477333,"{'n_estimators': 346, 'max_depth': 7, 'learning_rate': np.float64(0.06105450329101332), 'subsample': np.float64(0.8902403754104223), 'colsample_bytree': np.float64(0.8699881445863519), 'min_child_weight': 1}"
346,7,0.06105450329101332,0.8902403754104223,0.7887405607615113,1,0.8031175872585564,0.8160424262512429,0.8096532970768185,0.8098897427330438,0.8004032258064516,0.8078212558252227,0.005520404401010467,308,0.9144270403957131,0.92077580539119,0.9174825174825175,0.9200295882304594,0.9160418554832331,0.9177513613966226,0.002382577453844542,96,1.8156877040863038,0.10738270321210046,0.06973285675048828,0.013928303522566668,"{'n_estimators': 346, 'max_depth': 7, 'learning_rate': np.float64(0.06105450329101332), 'subsample': np.float64(0.8902403754104223), 'colsample_bytree': np.float64(0.7887405607615113), 'min_child_weight': 1}"
346,7,0.06105450329101332,0.9099010106178466,0.8467357408850122,3,0.8067796610169492,0.8080741230972865,0.8105726872246696,0.8094761428094761,0.8026845637583893,0.8075174355813542,0.0027342991410950154,327,0.8946493851777999,0.8996844378010297,0.8992196579777519,0.8967811694252682,0.897410358565737,0.8975490017895174,0.0018092951133845835,360,1.7634299278259278,0.021566252538670644,0.06122446060180664,0.01078381590902595,"{'n_estimators': 346, 'max_depth': 7, 'learning_rate': np.float64(0.06105450329101332), 'subsample': np.float64(0.9099010106178466), 'colsample_bytree': np.float64(0.8467357408850122), 'min_child_weight': 3}"
587,5,0.047825496997269436,0.7147893522243444,0.7959029036426779,1,0.8071840054218908,0.8096977748256393,0.8078884733083985,0.8077050813683162,0.7956698240866035,0.8056290318021697,0.005051207554476887,450,0.8745412078745413,0.875209100033456,0.8756160721744215,0.8731312118934269,0.8744783842430313,0.8745951952437754,0.0008460349276888548,437,2.5271108150482178,0.020095089449173084,0.07559709548950196,0.016154598264459575,"{'n_estimators': 587, 'max_depth': 5, 'learning_rate': np.float64(0.047825496997269436), 'subsample': np.float64(0.7147893522243444), 'colsample_bytree': np.float64(0.7959029036426779), 'min_child_weight': 1}"
587,2,0.06105450329101332,0.7147893522243444,0.8467357408850122,1,0.7916244511989193,0.7993344425956739,0.7945578231292517,0.8004018754186202,0.7925925925925926,0.7957022369870115,0.003546475073720145,545,0.8055555555555556,0.8067453625632378,0.8036421886856083,0.8001683501683502,0.8056513329408796,0.8043525579827262,0.002318264561470506,548,1.8610234260559082,0.11644871429328019,0.03859577178955078,0.00822589172925014,"{'n_estimators': 587, 'max_depth': 2, 'learning_rate': np.float64(0.06105450329101332), 'subsample': np.float64(0.7147893522243444), 'colsample_bytree': np.float64(0.8467357408850122), 'min_child_weight': 1}"
587,5,0.047825496997269436,0.9099010106178466,0.7380819985464547,3,0.8085539714867617,0.8102529960053262,0.808713410483322,0.8086811352253757,0.8006768189509307,0.8073756664303433,0.0034069280522948608,339,0.8623837842365357,0.8630217519106408,0.8658291457286432,0.8592294132460337,0.8649283139096169,0.8630784818062942,0.002292997278684404,458,2.301329326629639,0.0928515802824686,0.07217321395874024,0.01397960471154852,"{'n_estimators': 587, 'max_depth': 5, 'learning_rate': np.float64(0.047825496997269436), 'subsample': np.float64(0.9099010106178466), 'colsample_bytree': np.float64(0.7380819985464547), 'min_child_weight': 3}"
587,5,0.047825496997269436,0.7147893522243444,0.8467357408850122,1,0.8100237047070775,0.8096977748256393,0.8089279675346636,0.8128946493851777,0.7995930824008138,0.8082274357706745,0.0045213751186962475,271,0.8734061171764314,0.875888006686168,0.8768858881387014,0.8732982544057463,0.877368728608398,0.875369399003089,0.0017152333702461651,431,2.758384943008423,0.054609311814661506,0.07998247146606445,0.013401235929386766,"{'n_estimators': 587, 'max_depth': 5, 'learning_rate': np.float64(0.047825496997269436), 'subsample': np.float64(0.7147893522243444), 'colsample_bytree': np.float64(0.8467357408850122), 'min_child_weight': 1}"
587,7,0.06105450329101332,0.8902403754104223,0.8467357408850122,1,0.8079247817327065,0.8079077429983526,0.808251606357795,0.8114511352418559,0.8038887026483406,0.8078847937958102,0.0024010086599299345,299,0.9677161579031485,0.9722532291500559,0.9686850934654098,0.9702670386608211,0.9698516509810177,0.9697546340320905,0.0015371564856894834,19,3.186824178695679,0.08137471463997169,0.1142796516418457,0.01501136996236668,"{'n_estimators': 587, 'max_depth': 7, 'learning_rate': np.float64(0.06105450329101332), 'subsample': np.float64(0.8902403754104223), 'colsample_bytree': np.float64(0.8467357408850122), 'min_child_weight': 1}"
587,5,0.06105450329101332,0.9099010106178466,0.8467357408850122,10,0.8087837837837838,0.8083554376657824,0.8051334008780817,0.808496515101228,0.7986509274873524,0.8058840129832456,0.0038528618531394874,430,0.860414577064527,0.8602492263945806,0.8613737137120389,0.8600602611315702,0.8633285965058932,0.8610852749617219,0.0012095581582669496,467,2.3429423809051513,0.09886300805277032,0.07359824180603028,0.015127136284270046,"{'n_estimators': 587, 'max_depth': 5, 'learning_rate': np.float64(0.06105450329101332), 'subsample': np.float64(0.9099010106178466), 'colsample_bytree': np.float64(0.8467357408850122), 'min_child_weight': 10}"
587,5,0.06105450329101332,0.9099010106178466,0.7959029036426779,10,0.8100237047070775,0.8107569721115537,0.8092016238159675,0.8106489184692179,0.800941492938803,0.808314542408524,0.0037278621786800132,261,0.8598209055151058,0.8607489134068873,0.8592704149933066,0.8572625932444892,0.8615641990798829,0.8597334052479344,0.00146355670235253,468,2.5708566665649415,0.07661238489489783,0.08117742538452148,0.012996268706436541,"{'n_estimators': 587, 'max_depth': 5, 'learning_rate': np.float64(0.06105450329101332), 'subsample': np.float64(0.9099010106178466), 'colsample_bytree': np.float64(0.7959029036426779), 'min_child_weight': 10}"
346,7,0.06105450329101332,0.9099010106178466,0.8467357408850122,1,0.8074198988195616,0.8139303482587065,0.802725724020443,0.8098568098568099,0.8076793533176153,0.8083224268546273,0.0036429190689327116,258,0.9165981246915611,0.9194304995473623,0.9213446206953234,0.9169544482815326,0.9169823752264866,0.9182620136884532,0.0018430167466398206,93,2.021034097671509,0.15833538868983776,0.06176538467407226,0.009928057868498404,"{'n_estimators': 346, 'max_depth': 7, 'learning_rate': np.float64(0.06105450329101332), 'subsample': np.float64(0.9099010106178466), 'colsample_bytree': np.float64(0.8467357408850122), 'min_child_weight': 1}"
346,5,0.06105450329101332,0.8902403754104223,0.8467357408850122,1,0.8012253233492171,0.8096192384769539,0.8075880758807588,0.8104838709677419,0.798504926945294,0.8054842871239932,0.004761718794174753,455,0.8527339818852734,0.8565422132526068,0.857622565480188,0.8525748906092225,0.8572390005888786,0.8553425303632338,0.002222554991725023,486,1.5183308124542236,0.025792198471513487,0.050799989700317384,0.005044204023616021,"{'n_estimators': 346, 'max_depth': 5, 'learning_rate': np.float64(0.06105450329101332), 'subsample': np.float64(0.8902403754104223), 'colsample_bytree': np.float64(0.8467357408850122), 'min_child_weight': 1}"
587,5,0.047825496997269436,0.8902403754104223,0.8467357408850122,1,0.8079019073569482,0.8113333333333334,0.8085394781430024,0.8110814419225634,0.8004052684903749,0.8078522858492445,0.003961764849616049,305,0.8726210350584307,0.8740381398461023,0.8751357220412594,0.8717476784070944,0.8761617683998996,0.8739408687505573,0.001607580552402284,440,2.35099196434021,0.0708099032725446,0.07955818176269532,0.013317925666750866,"{'n_estimators': 587, 'max_depth': 5, 'learning_rate': np.float64(0.047825496997269436), 'subsample': np.float64(0.8902403754104223), 'colsample_bytree': np.float64(0.8467357408850122), 'min_child_weight': 1}"
587,7,0.06105450329101332,0.8902403754104223,0.7959029036426779,10,0.8036072144288577,0.8088478045559591,0.8062015503875969,0.808454425363276,0.7997325309261116,0.8053687051323604,0.0033819740550053564,463,0.8991340206185567,0.9043736100815419,0.9011929247223365,0.9000247667794931,0.8995460173338836,0.9008542679071624,0.001889936517244662,349,2.767484951019287,0.04647417430446234,0.10367674827575683,0.02234093273005547,"{'n_estimators': 587, 'max_depth': 7, 'learning_rate': np.float64(0.06105450329101332), 'subsample': np.float64(0.8902403754104223), 'colsample_bytree': np.float64(0.7959029036426779), 'min_child_weight': 10}"
587,5,0.06105450329101332,0.9099010106178466,0.7380819985464547,10,0.805414551607445,0.8099502487562189,0.8043257857384252,0.8073333333333333,0.796501849983182,0.8047051538837208,0.004524592968335548,486,0.8599195710455764,0.859581589958159,0.8586229946524064,0.8568313343957058,0.8598427830740927,0.8589596546251881,0.0011602797840426446,477,2.256989097595215,0.12302601513452872,0.0732656478881836,0.01753887590866965,"{'n_estimators': 587, 'max_depth': 5, 'learning_rate': np.float64(0.06105450329101332), 'subsample': np.float64(0.9099010106178466), 'colsample_bytree': np.float64(0.7380819985464547), 'min_child_weight': 10}"
346,7,0.06105450329101332,0.8902403754104223,0.7959029036426779,1,0.8031175872585564,0.8160424262512429,0.8096532970768185,0.8098897427330438,0.8004032258064516,0.8078212558252227,0.005520404401010467,308,0.9144270403957131,0.92077580539119,0.9174825174825175,0.9200295882304594,0.9160418554832331,0.9177513613966226,0.002382577453844542,96,1.9800198078155518,0.04537426370237789,0.06571617126464843,0.012746397158985486,"{'n_estimators': 346, 'max_depth': 7, 'learning_rate': np.float64(0.06105450329101332), 'subsample': np.float64(0.8902403754104223), 'colsample_bytree': np.float64(0.7959029036426779), 'min_child_weight': 1}"
587,5,0.047825496997269436,0.7147893522243444,0.8467357408850122,9,0.8051334008780817,0.8087941372418388,0.8013605442176871,0.8097463284379173,0.7966159052453469,0.8043300632041743,0.004862828673502092,498,0.8532731376975169,0.8538551990592979,0.853911878036522,0.8492576126163912,0.8542469425364383,0.8529089539892333,0.00185237001293536,503,2.4732831001281737,0.06898951248007276,0.0908277988433838,0.016854460289640445,"{'n_estimators': 587, 'max_depth': 5, 'learning_rate': np.float64(0.047825496997269436), 'subsample': np.float64(0.7147893522243444), 'colsample_bytree': np.float64(0.8467357408850122), 'min_child_weight': 9}"
346,7,0.06105450329101332,0.9099010106178466,0.7380819985464547,1,0.8063858695652174,0.8163129973474801,0.8105726872246696,0.8083832335329342,0.8055367994598245,0.8094383174260251,0.0038522850690863625,4,0.9133167907361456,0.9162886597938145,0.9152095018145826,0.9140695666474796,0.914002478314746,0.9145773994613536,0.0010493358051783086,108,1.8059442520141602,0.045184706003403484,0.06992387771606445,0.007846419237944439,"{'n_estimators': 346, 'max_depth': 7, 'learning_rate': np.float64(0.06105450329101332), 'subsample': np.float64(0.9099010106178466), 'colsample_bytree': np.float64(0.7380819985464547), 'min_child_weight': 1}"
346,7,0.06105450329101332,0.8902403754104223,0.8467357408850122,1,0.805291723202171,0.8082419408441343,0.8078884733083985,0.8099667774086379,0.8091706001348618,0.8081119029796406,0.0015862940115415624,275,0.9164811608541512,0.9224710804824021,0.9208278580814717,0.9208668527335413,0.9177225604739181,0.9196739025250968,0.0022172182269159625,78,2.0011305809020996,0.08572997725820003,0.06535477638244629,0.01033163325019707,"{'n_estimators': 346, 'max_depth': 7, 'learning_rate': np.float64(0.06105450329101332), 'subsample': np.float64(0.8902403754104223), 'colsample_bytree': np.float64(0.8467357408850122), 'min_child_weight': 1}"
346,5,0.09148202493973988,0.9099010106178466,0.7959029036426779,1,0.8082376772451046,0.8091451292246521,0.8067796610169492,0.808496515101228,0.8002699055330634,0.8065857776241996,0.003251393600288427,386,0.8801398368570001,0.8803198134421587,0.8822059313562146,0.8791538269342883,0.88136158851994,0.8806361994219204,0.001052060052012347,411,1.4006181716918946,0.08069588272636713,0.04093642234802246,0.007817244582624587,"{'n_estimators': 346, 'max_depth': 5, 'learning_rate': np.float64(0.09148202493973988), 'subsample': np.float64(0.9099010106178466), 'colsample_bytree': np.float64(0.7959029036426779), 'min_child_weight': 1}"
346,5,0.06105450329101332,0.8902403754104223,0.7959029036426779,1,0.8041025641025641,0.8082832331329325,0.8111792774369462,0.805769875880577,0.7995937711577522,0.8057857443421543,0.003911560531247147,435,0.8532056129736997,0.856637764121559,0.8568069202989838,0.8541403951240016,0.8560606060606061,0.8553702597157701,0.0014384298076669838,483,1.4624839305877686,0.11374899776506364,0.045163965225219725,0.011025224784750454,"{'n_estimators': 346, 'max_depth': 5, 'learning_rate': np.float64(0.06105450329101332), 'subsample': np.float64(0.8902403754104223), 'colsample_bytree': np.float64(0.7959029036426779), 'min_child_weight': 1}"
346,5,0.1680306707966223,0.7698281182242285,0.7959029036426779,1,0.8081143997339542,0.8005232177894048,0.8087795144662454,0.8054089709762533,0.8020066889632107,0.8049665583858137,0.0032602874345400504,474,0.9243190344152666,0.9301380991064175,0.9306222041480277,0.9292337725719864,0.9273333875823908,0.9283292995648178,0.00229875209087622,51,1.5569559574127196,0.04431824072911011,0.04261016845703125,0.008284014025621235,"{'n_estimators': 346, 'max_depth': 5, 'learning_rate': np.float64(0.1680306707966223), 'subsample': np.float64(0.7698281182242285), 'colsample_bytree': np.float64(0.7959029036426779), 'min_child_weight': 1}"
587,5,0.06105450329101332,0.7147893522243444,0.7959029036426779,10,0.8025649679379008,0.8079470198675497,0.8016249153689912,0.8055832502492523,0.7985150185622679,0.8032470343971925,0.003256876619938328,514,0.8611250208646303,0.8617696160267112,0.8614100959532749,0.8615127455077309,0.8632949424136205,0.8618224841531935,0.0007646418066409816,462,2.459195137023926,0.09511462643452953,0.08303670883178711,0.012186540525715531,"{'n_estimators': 587, 'max_depth': 5, 'learning_rate': np.float64(0.06105450329101332), 'subsample': np.float64(0.7147893522243444), 'colsample_bytree': np.float64(0.7959029036426779), 'min_child_weight': 10}"
346,5,0.06105450329101332,0.9099010106178466,0.7959029036426779,10,0.8062436375975568,0.804,0.803122878479294,0.8076407506702413,0.8,0.8042014533494184,0.0026402802886875036,502,0.8395248925954005,0.8391407307171854,0.8386225523295071,0.8361858190709046,0.839811542991755,0.8386571075409505,0.0012983161596631365,523,1.4287354469299316,0.08588235344776801,0.04757227897644043,0.0066822312969544865,"{'n_estimators': 346, 'max_depth': 5, 'learning_rate': np.float64(0.06105450329101332), 'subsample': np.float64(0.9099010106178466), 'colsample_bytree': np.float64(0.7959029036426779), 'min_child_weight': 10}"
346,5,0.06105450329101332,0.8902403754104223,0.7959029036426779,8,0.8034071550255537,0.8046744574290484,0.8027210884353742,0.8093645484949833,0.7976878612716763,0.8035710221313271,0.0037454863128580265,509,0.8422914911541701,0.8415189873417721,0.8384102607374905,0.8398414438728178,0.8424518743667679,0.8409028114946036,0.0015522248650763294,522,1.43115553855896,0.049053256360119965,0.0515625,0.01229489257119986,"{'n_estimators': 346, 'max_depth': 5, 'learning_rate': np.float64(0.06105450329101332), 'subsample': np.float64(0.8902403754104223), 'colsample_bytree': np.float64(0.7959029036426779), 'min_child_weight': 8}"
346,5,0.06105450329101332,0.7147893522243444,0.8467357408850122,1,0.8054329371816639,0.8096977748256393,0.8038082284937096,0.810304449648712,0.8002703616086516,0.8059027503516752,0.003744561833920522,425,0.8559186759640427,0.8568302331453581,0.8576926294654061,0.8536667226044639,0.8598052384150436,0.8567826999188629,0.002020981057137378,479,1.5051493167877197,0.036485063835612654,0.04038171768188477,0.0048587086820319906,"{'n_estimators': 346, 'max_depth': 5, 'learning_rate': np.float64(0.06105450329101332), 'subsample': np.float64(0.7147893522243444), 'colsample_bytree': np.float64(0.8467357408850122), 'min_child_weight': 1}"
587,5,0.06105450329101332,0.8902403754104223,0.7959029036426779,8,0.8085539714867617,0.808496515101228,0.8052827632915679,0.8127702028599934,0.802020202020202,0.8074247309519504,0.0035998592694718016,335,0.8641604010025062,0.8649144764288694,0.8648738934357775,0.8636592319302364,0.8668005354752343,0.8648817076545248,0.0010674985004988067,456,2.28688497543335,0.11589313666748387,0.08120055198669433,0.010391790033468198,"{'n_estimators': 587, 'max_depth': 5, 'learning_rate': np.float64(0.06105450329101332), 'subsample': np.float64(0.8902403754104223), 'colsample_bytree': np.float64(0.7959029036426779), 'min_child_weight': 8}"
587,5,0.06105450329101332,0.7147893522243444,0.8467357408850122,1,0.8126259234385493,0.8117375535773161,0.8059499661933739,0.8124379755210056,0.8004032258064516,0.8086309289073395,0.004795567984152959,231,0.8903803131991052,0.8954631848607553,0.8942578189640907,0.8933951332560834,0.892907507258399,0.8932807915076868,0.0016901250239452698,370,2.537215757369995,0.10677391644359106,0.0746497631072998,0.015650532981872863,"{'n_estimators': 587, 'max_depth': 5, 'learning_rate': np.float64(0.06105450329101332), 'subsample': np.float64(0.7147893522243444), 'colsample_bytree': np.float64(0.8467357408850122), 'min_child_weight': 1}"
346,5,0.06105450329101332,0.8902403754104223,0.8467357408850122,1,0.8012253233492171,0.8096192384769539,0.8075880758807588,0.8104838709677419,0.798504926945294,0.8054842871239932,0.004761718794174753,455,0.8527339818852734,0.8565422132526068,0.857622565480188,0.8525748906092225,0.8572390005888786,0.8553425303632338,0.002222554991725023,486,1.5183308124542236,0.025792198471513487,0.050799989700317384,0.005044204023616021,"{'n_estimators': 346, 'max_depth': 5, 'learning_rate': np.float64(0.06105450329101332), 'subsample': np.float64(0.8902403754104223), 'colsample_bytree': np.float64(0.8467357408850122), 'min_child_weight': 1}"
587,5,0.06105450329101332,0.8902403754104223,0.7959029036426779,1,0.8060913705583757,0.8082419408441343,0.8087837837837838,0.8098732488325551,0.8014829794405123,0.8068946646918722,0.002972793507181517,360,0.8906224066390042,0.8902560691719321,0.8908985314859371,0.8879853966146698,0.8902946562343932,0.8900114120291873,0.0010397228670093442,389,2.445273780822754,0.07592968113563492,0.06158347129821777,0.007342625108362895,"{'n_estimators': 587, 'max_depth': 5, 'learning_rate': np.float64(0.06105450329101332), 'subsample': np.float64(0.8902403754104223), 'colsample_bytree': np.float64(0.7959029036426779), 'min_child_weight': 1}"
346,5,0.09148202493973988,0.7698281182242285,0.8699881445863519,1,0.808610830810629,0.8067841702693714,0.8123947457056248,0.8118548118548119,0.802013422818792,0.8083315962918458,0.0037766134647043504,255,0.881584422068736,0.882798833819242,0.8870473191348305,0.8821917808219178,0.886616791354946,0.8840478294399345,0.0023095361508316953,400,1.4860817909240722,0.08443693934997067,0.041672563552856444,0.011800958586340901,"{'n_estimators': 346, 'max_depth': 5, 'learning_rate': np.float64(0.09148202493973988), 'subsample': np.float64(0.7698281182242285), 'colsample_bytree': np.float64(0.8699881445863519), 'min_child_weight': 1}"
346,7,0.06105450329101332,0.8902403754104223,0.7380819985464547,1,0.8053962900505902,0.8125208125208125,0.8076398362892224,0.8099667774086379,0.8036498817167962,0.807834719597212,0.0031623384905103166,307,0.9154499711292584,0.9179681078415256,0.9178680286679298,0.9160493827160494,0.9162269129287599,0.9167124806567047,0.0010179681760961903,105,1.8676487445831298,0.10515936131951935,0.0665499210357666,0.013108643955466457,"{'n_estimators': 346, 'max_depth': 7, 'learning_rate': np.float64(0.06105450329101332), 'subsample': np.float64(0.8902403754104223), 'colsample_bytree': np.float64(0.7380819985464547), 'min_child_weight': 1}"
346,5,0.09148202493973988,0.7698281182242285,0.8699881445863519,1,0.808610830810629,0.8067841702693714,0.8123947457056248,0.8118548118548119,0.802013422818792,0.8083315962918458,0.0037766134647043504,255,0.881584422068736,0.882798833819242,0.8870473191348305,0.8821917808219178,0.886616791354946,0.8840478294399345,0.0023095361508316953,400,1.4860817909240722,0.08443693934997067,0.041672563552856444,0.011800958586340901,"{'n_estimators': 346, 'max_depth': 5, 'learning_rate': np.float64(0.09148202493973988), 'subsample': np.float64(0.7698281182242285), 'colsample_bytree': np.float64(0.8699881445863519), 'min_child_weight': 1}"
587,7,0.06105450329101332,0.9099010106178466,0.7959029036426779,10,0.8056394763343404,0.8128904965471885,0.806070826306914,0.809775429326288,0.8038887026483406,0.8076529862326144,0.0032454140575564733,319,0.900979504485966,0.9002144153059541,0.8984574775220655,0.8975754576942108,0.8990174221781851,0.8992488554372763,0.001217173147446608,357,2.6901928901672365,0.13044640526056547,0.1032364845275879,0.012883248417786852,"{'n_estimators': 587, 'max_depth': 7, 'learning_rate': np.float64(0.06105450329101332), 'subsample': np.float64(0.9099010106178466), 'colsample_bytree': np.float64(0.7959029036426779), 'min_child_weight': 10}"
587,5,0.1547806265879009,0.9099010106178466,0.7380819985464547,3,0.8115269956939384,0.8026359143327841,0.8055925432756325,0.8123157549950868,0.8055739880557399,0.8075290392706365,0.0037526315203677695,326,0.947258064516129,0.9481147276828875,0.9489721886336154,0.9469269236973705,0.9453345141292971,0.9473212837318599,0.0012216227124419565,42,2.375744676589966,0.07664008804980024,0.07108702659606933,0.015703023180240493,"{'n_estimators': 587, 'max_depth': 5, 'learning_rate': np.float64(0.1547806265879009), 'subsample': np.float64(0.9099010106178466), 'colsample_bytree': np.float64(0.7380819985464547), 'min_child_weight': 3}"
587,5,0.06105450329101332,0.7147893522243444,0.8467357408850122,1,0.8126259234385493,0.8117375535773161,0.8059499661933739,0.8124379755210056,0.8004032258064516,0.8086309289073395,0.004795567984152959,231,0.8903803131991052,0.8954631848607553,0.8942578189640907,0.8933951332560834,0.892907507258399,0.8932807915076868,0.0016901250239452698,370,2.537215757369995,0.10677391644359106,0.0746497631072998,0.015650532981872863,"{'n_estimators': 587, 'max_depth': 5, 'learning_rate': np.float64(0.06105450329101332), 'subsample': np.float64(0.7147893522243444), 'colsample_bytree': np.float64(0.8467357408850122), 'min_child_weight': 1}"
587,5,0.06105450329101332,0.9099010106178466,0.7380819985464547,3,0.8124366339979723,0.8109006314390163,0.8085250338294994,0.8088088088088088,0.8024152968802415,0.8086172809911076,0.003414994758831256,238,0.8784065338778232,0.8795060080106809,0.8776666666666667,0.8750939928147715,0.8791263754584862,0.8779599153656857,0.0015652480044838278,417,2.18563289642334,0.036058949356749144,0.061974382400512694,0.005003973390148362,"{'n_estimators': 587, 'max_depth': 5, 'learning_rate': np.float64(0.06105450329101332), 'subsample': np.float64(0.9099010106178466), 'colsample_bytree': np.float64(0.7380819985464547), 'min_child_weight': 3}"
587,5,0.06105450329101332,0.7147893522243444,0.8467357408850122,1,0.8126259234385493,0.8117375535773161,0.8059499661933739,0.8124379755210056,0.8004032258064516,0.8086309289073395,0.004795567984152959,231,0.8903803131991052,0.8954631848607553,0.8942578189640907,0.8933951332560834,0.892907507258399,0.8932807915076868,0.0016901250239452698,370,2.537215757369995,0.10677391644359106,0.0746497631072998,0.015650532981872863,"{'n_estimators': 587, 'max_depth': 5, 'learning_rate': np.float64(0.06105450329101332), 'subsample': np.float64(0.7147893522243444), 'colsample_bytree': np.float64(0.8467357408850122), 'min_child_weight': 1}"
346,7,0.06105450329101332,0.9099010106178466,0.7380819985464547,1,0.8063858695652174,0.8163129973474801,0.8105726872246696,0.8083832335329342,0.8055367994598245,0.8094383174260251,0.0038522850690863625,4,0.9133167907361456,0.9162886597938145,0.9152095018145826,0.9140695666474796,0.914002478314746,0.9145773994613536,0.0010493358051783086,108,1.8059442520141602,0.045184706003403484,0.06992387771606445,0.007846419237944439,"{'n_estimators': 346, 'max_depth': 7, 'learning_rate': np.float64(0.06105450329101332), 'subsample': np.float64(0.9099010106178466), 'colsample_bytree': np.float64(0.7380819985464547), 'min_child_weight': 1}"
346,5,0.06105450329101332,0.7147893522243444,0.8467357408850122,1,0.8054329371816639,0.8096977748256393,0.8038082284937096,0.810304449648712,0.8002703616086516,0.8059027503516752,0.003744561833920522,425,0.8559186759640427,0.8568302331453581,0.8576926294654061,0.8536667226044639,0.8598052384150436,0.8567826999188629,0.002020981057137378,479,1.5051493167877197,0.036485063835612654,0.04038171768188477,0.0048587086820319906,"{'n_estimators': 346, 'max_depth': 5, 'learning_rate': np.float64(0.06105450329101332), 'subsample': np.float64(0.7147893522243444), 'colsample_bytree': np.float64(0.8467357408850122), 'min_child_weight': 1}"
587,5,0.06105450329101332,0.9099010106178466,0.8467357408850122,1,0.8102806898884004,0.8079866888519135,0.8040472175379426,0.8130405854956753,0.8047058823529412,0.8080122128253746,0.0033788808855128886,294,0.884746608970625,0.8895542248835662,0.8906405575838036,0.8877058725669605,0.8908848968729208,0.8887064321755751,0.0022753734354128284,391,2.4402275562286375,0.05553432070191156,0.08136038780212403,0.01668096663255849,"{'n_estimators': 587, 'max_depth': 5, 'learning_rate': np.float64(0.06105450329101332), 'subsample': np.float64(0.9099010106178466), 'colsample_bytree': np.float64(0.8467357408850122), 'min_child_weight': 1}"
346,5,0.09148202493973988,0.7698281182242285,0.7959029036426779,7,0.8018995929443691,0.8134475939353988,0.803517078119716,0.8078588078588078,0.7971745711402624,0.8047795287997108,0.005519791770938988,483,0.8634199315011277,0.863092749017312,0.8625647884969069,0.861909952209273,0.862879611812934,0.8627734066075107,0.000513873247470841,460,1.45781512260437,0.05342685598167002,0.04161520004272461,0.011317016554568767,"{'n_estimators': 346, 'max_depth': 5, 'learning_rate': np.float64(0.09148202493973988), 'subsample': np.float64(0.7698281182242285), 'colsample_bytree': np.float64(0.7959029036426779), 'min_child_weight': 7}"
346,7,0.06105450329101332,0.9099010106178466,0.7380819985464547,1,0.8063858695652174,0.8163129973474801,0.8105726872246696,0.8083832335329342,0.8055367994598245,0.8094383174260251,0.0038522850690863625,4,0.9133167907361456,0.9162886597938145,0.9152095018145826,0.9140695666474796,0.914002478314746,0.9145773994613536,0.0010493358051783086,108,1.8059442520141602,0.045184706003403484,0.06992387771606445,0.007846419237944439,"{'n_estimators': 346, 'max_depth': 7, 'learning_rate': np.float64(0.06105450329101332), 'subsample': np.float64(0.9099010106178466), 'colsample_bytree': np.float64(0.7380819985464547), 'min_child_weight': 1}"
587,5,0.06105450329101332,0.9099010106178466,0.7380819985464547,3,0.8124366339979723,0.8109006314390163,0.8085250338294994,0.8088088088088088,0.8024152968802415,0.8086172809911076,0.003414994758831256,238,0.8784065338778232,0.8795060080106809,0.8776666666666667,0.8750939928147715,0.8791263754584862,0.8779599153656857,0.0015652480044838278,417,2.18563289642334,0.036058949356749144,0.061974382400512694,0.005003973390148362,"{'n_estimators': 587, 'max_depth': 5, 'learning_rate': np.float64(0.06105450329101332), 'subsample': np.float64(0.9099010106178466), 'colsample_bytree': np.float64(0.7380819985464547), 'min_child_weight': 3}"
587,5,0.06105450329101332,0.7659740059284887,0.8467357408850122,1,0.8098283406260518,0.8097915977505789,0.8094754653130287,0.8090335436731982,0.8004025494800403,0.8077062993685796,0.003662999220798766,317,0.888962600547309,0.8925606110926603,0.8946453695274352,0.8938177604899445,0.893941908713693,0.8927856500742084,0.0020261832407117457,379,2.4750197887420655,0.06623966316745841,0.08198566436767578,0.01959355329187861,"{'n_estimators': 587, 'max_depth': 5, 'learning_rate': np.float64(0.06105450329101332), 'subsample': np.float64(0.7659740059284887), 'colsample_bytree': np.float64(0.8467357408850122), 'min_child_weight': 1}"
346,5,0.06105450329101332,0.9099010106178466,0.8467357408850122,1,0.8070652173913043,0.8080133555926544,0.8009510869565217,0.8085819644653034,0.7997293640054127,0.8048681976822394,0.003748662310693662,478,0.8529411764705882,0.8550198429451997,0.8556553866823411,0.852216334426781,0.8549515381373789,0.8541568557324577,0.001331567577506354,491,1.4547221183776855,0.04867760439194729,0.04592461585998535,0.012362743868116035,"{'n_estimators': 346, 'max_depth': 5, 'learning_rate': np.float64(0.06105450329101332), 'subsample': np.float64(0.9099010106178466), 'colsample_bytree': np.float64(0.8467357408850122), 'min_child_weight': 1}"
346,5,0.16453898367056088,0.8902403754104223,0.8467357408850122,4,0.8029343114371457,0.8061760840998686,0.8049514887922382,0.8118811881188119,0.8050397877984085,0.8061965720492946,0.0030280688907475374,404,0.9099712761592121,0.9113965474924323,0.9109981970168824,0.9100607254226161,0.9094045174537988,0.9103662527089884,0.0007259681876965589,333,1.3864049911499023,0.05318730270549846,0.04469208717346192,0.01002044237506734,"{'n_estimators': 346, 'max_depth': 5, 'learning_rate': np.float64(0.16453898367056088), 'subsample': np.float64(0.8902403754104223), 'colsample_bytree': np.float64(0.8467357408850122), 'min_child_weight': 4}"
464,5,0.06105450329101332,0.7147893522243444,0.8467357408850122,1,0.8079514824797843,0.8128095080884781,0.8014879945891106,0.8115461181154612,0.8012170385395537,0.8070024283624775,0.004881551197664786,355,0.8746044962531224,0.8773978315262719,0.8759806376231013,0.8758528873356631,0.8775118819311265,0.8762695469338571,0.0010812853413363782,424,2.0182875633239745,0.15622939426311155,0.05818748474121094,0.013685243405520993,"{'n_estimators': 464, 'max_depth': 5, 'learning_rate': np.float64(0.06105450329101332), 'subsample': np.float64(0.7147893522243444), 'colsample_bytree': np.float64(0.8467357408850122), 'min_child_weight': 1}"
210,5,0.09148202493973988,0.7698281182242285,0.8699881445863519,1,0.8047700170357751,0.8089512358049432,0.8084239130434783,0.8109919571045576,0.7976917854718262,0.8061657816921162,0.00468842514803647,406,0.8481375358166189,0.8499873513786997,0.8518113810204253,0.8477822580645161,0.8538947368421053,0.8503226526244729,0.0022942042108066306,508,0.9566635131835938,0.0716364080419237,0.02971358299255371,0.006143115944935772,"{'n_estimators': 210, 'max_depth': 5, 'learning_rate': np.float64(0.09148202493973988), 'subsample': np.float64(0.7698281182242285), 'colsample_bytree': np.float64(0.8699881445863519), 'min_child_weight': 1}"
587,5,0.06105450329101332,0.9099010106178466,0.7380819985464547,10,0.805414551607445,0.8099502487562189,0.8043257857384252,0.8073333333333333,0.796501849983182,0.8047051538837208,0.004524592968335548,486,0.8599195710455764,0.859581589958159,0.8586229946524064,0.8568313343957058,0.8598427830740927,0.8589596546251881,0.0011602797840426446,477,2.256989097595215,0.12302601513452872,0.0732656478881836,0.01753887590866965,"{'n_estimators': 587, 'max_depth': 5, 'learning_rate': np.float64(0.06105450329101332), 'subsample': np.float64(0.9099010106178466), 'colsample_bytree': np.float64(0.7380819985464547), 'min_child_weight': 10}"
346,7,0.06105450329101332,0.8902403754104223,0.7959029036426779,1,0.8031175872585564,0.8160424262512429,0.8096532970768185,0.8098897427330438,0.8004032258064516,0.8078212558252227,0.005520404401010467,308,0.9144270403957131,0.92077580539119,0.9174825174825175,0.9200295882304594,0.9160418554832331,0.9177513613966226,0.002382577453844542,96,1.9800198078155518,0.04537426370237789,0.06571617126464843,0.012746397158985486,"{'n_estimators': 346, 'max_depth': 7, 'learning_rate': np.float64(0.06105450329101332), 'subsample': np.float64(0.8902403754104223), 'colsample_bytree': np.float64(0.7959029036426779), 'min_child_weight': 1}"
587,7,0.06105450329101332,0.8902403754104223,0.7380819985464547,1,0.8040268456375839,0.8139381985535832,0.8094435075885329,0.8084684088653655,0.8033444816053512,0.8078442884500834,0.0038705012533700287,306,0.9667012696638185,0.9689897698209718,0.966637330986479,0.9684630738522955,0.9677006715701951,0.967698423178752,0.0009351474355452176,28,2.98141827583313,0.0929152435858297,0.10928544998168946,0.02196538984589475,"{'n_estimators': 587, 'max_depth': 7, 'learning_rate': np.float64(0.06105450329101332), 'subsample': np.float64(0.8902403754104223), 'colsample_bytree': np.float64(0.7380819985464547), 'min_child_weight': 1}"
346,7,0.06105450329101332,0.9099010106178466,0.7380819985464547,1,0.8063858695652174,0.8163129973474801,0.8105726872246696,0.8083832335329342,0.8055367994598245,0.8094383174260251,0.0038522850690863625,4,0.9133167907361456,0.9162886597938145,0.9152095018145826,0.9140695666474796,0.914002478314746,0.9145773994613536,0.0010493358051783086,108,1.8059442520141602,0.045184706003403484,0.06992387771606445,0.007846419237944439,"{'n_estimators': 346, 'max_depth': 7, 'learning_rate': np.float64(0.06105450329101332), 'subsample': np.float64(0.9099010106178466), 'colsample_bytree': np.float64(0.7380819985464547), 'min_child_weight': 1}"
346,5,0.16453898367056088,0.8902403754104223,0.8467357408850122,1,0.8100334448160535,0.8096179183135704,0.8081687311683964,0.8143044619422573,0.8041374708041374,0.809252405408883,0.003274257269237518,227,0.9275999674240574,0.9277393075356416,0.9274653626731867,0.9256965944272446,0.9257385343561286,0.9268479532832519,0.0009271105216930719,52,1.5242227077484132,0.0572180322727764,0.044905471801757815,0.01186405998426856,"{'n_estimators': 346, 'max_depth': 5, 'learning_rate': np.float64(0.16453898367056088), 'subsample': np.float64(0.8902403754104223), 'colsample_bytree': np.float64(0.8467357408850122), 'min_child_weight': 1}"
346,7,0.06105450329101332,0.8902403754104223,0.7959029036426779,8,0.8037953236191122,0.8121894667108314,0.806484295845998,0.8063872255489022,0.8071356445641198,0.8071983912577927,0.0027445787561428243,345,0.875709042375709,0.8783095297753278,0.8748227837544825,0.8695797476815106,0.8750835003340013,0.8747009207842062,0.002843448597646073,435,1.635498857498169,0.06836313533109617,0.0696101188659668,0.015283687813139067,"{'n_estimators': 346, 'max_depth': 7, 'learning_rate': np.float64(0.06105450329101332), 'subsample': np.float64(0.8902403754104223), 'colsample_bytree': np.float64(0.7959029036426779), 'min_child_weight': 8}"
587,7,0.06105450329101332,0.9099010106178466,0.7959029036426779,10,0.8056394763343404,0.8128904965471885,0.806070826306914,0.809775429326288,0.8038887026483406,0.8076529862326144,0.0032454140575564733,319,0.900979504485966,0.9002144153059541,0.8984574775220655,0.8975754576942108,0.8990174221781851,0.8992488554372763,0.001217173147446608,357,2.6901928901672365,0.13044640526056547,0.1032364845275879,0.012883248417786852,"{'n_estimators': 587, 'max_depth': 7, 'learning_rate': np.float64(0.06105450329101332), 'subsample': np.float64(0.9099010106178466), 'colsample_bytree': np.float64(0.7959029036426779), 'min_child_weight': 10}"
587,5,0.06105450329101332,0.7147893522243444,0.8467357408850122,1,0.8126259234385493,0.8117375535773161,0.8059499661933739,0.8124379755210056,0.8004032258064516,0.8086309289073395,0.004795567984152959,231,0.8903803131991052,0.8954631848607553,0.8942578189640907,0.8933951332560834,0.892907507258399,0.8932807915076868,0.0016901250239452698,370,2.537215757369995,0.10677391644359106,0.0746497631072998,0.015650532981872863,"{'n_estimators': 587, 'max_depth': 5, 'learning_rate': np.float64(0.06105450329101332), 'subsample': np.float64(0.7147893522243444), 'colsample_bytree': np.float64(0.8467357408850122), 'min_child_weight': 1}"
346,7,0.06105450329101332,0.9099010106178466,0.7380819985464547,1,0.8063858695652174,0.8163129973474801,0.8105726872246696,0.8083832335329342,0.8055367994598245,0.8094383174260251,0.0038522850690863625,4,0.9133167907361456,0.9162886597938145,0.9152095018145826,0.9140695666474796,0.914002478314746,0.9145773994613536,0.0010493358051783086,108,1.8059442520141602,0.045184706003403484,0.06992387771606445,0.007846419237944439,"{'n_estimators': 346, 'max_depth': 7, 'learning_rate': np.float64(0.06105450329101332), 'subsample': np.float64(0.9099010106178466), 'colsample_bytree': np.float64(0.7380819985464547), 'min_child_weight': 1}"
587,5,0.06105450329101332,0.9099010106178466,0.7959029036426779,10,0.8100237047070775,0.8107569721115537,0.8092016238159675,0.8106489184692179,0.800941492938803,0.808314542408524,0.0037278621786800132,261,0.8598209055151058,0.8607489134068873,0.8592704149933066,0.8572625932444892,0.8615641990798829,0.8597334052479344,0.00146355670235253,468,2.5708566665649415,0.07661238489489783,0.08117742538452148,0.012996268706436541,"{'n_estimators': 587, 'max_depth': 5, 'learning_rate': np.float64(0.06105450329101332), 'subsample': np.float64(0.9099010106178466), 'colsample_bytree': np.float64(0.7959029036426779), 'min_child_weight': 10}"
587,5,0.06105450329101332,0.7147893522243444,0.7959029036426779,10,0.8025649679379008,0.8079470198675497,0.8016249153689912,0.8055832502492523,0.7985150185622679,0.8032470343971925,0.003256876619938328,514,0.8611250208646303,0.8617696160267112,0.8614100959532749,0.8615127455077309,0.8632949424136205,0.8618224841531935,0.0007646418066409816,462,2.459195137023926,0.09511462643452953,0.08303670883178711,0.012186540525715531,"{'n_estimators': 587, 'max_depth': 5, 'learning_rate': np.float64(0.06105450329101332), 'subsample': np.float64(0.7147893522243444), 'colsample_bytree': np.float64(0.7959029036426779), 'min_child_weight': 10}"
346,7,0.06105450329101332,0.9099010106178466,0.7959029036426779,8,0.8085250338294994,0.8091451292246521,0.8093306288032455,0.8098404255319149,0.805001689760054,0.8083685814298732,0.0017352419748582562,250,0.8734979973297731,0.8743315508021391,0.874,0.8721590909090909,0.8736112271322363,0.8735199732346478,0.0007416056582500938,442,1.706472635269165,0.06148899372473693,0.07102184295654297,0.011758430930595731,"{'n_estimators': 346, 'max_depth': 7, 'learning_rate': np.float64(0.06105450329101332), 'subsample': np.float64(0.9099010106178466), 'colsample_bytree': np.float64(0.7959029036426779), 'min_child_weight': 8}"
346,5,0.06105450329101332,0.9099010106178466,0.7380819985464547,1,0.8038147138964578,0.8125416944629753,0.8069340584636302,0.8046979865771812,0.7987763426240653,0.8053529592048619,0.0044771612188968125,465,0.852778244082592,0.8543951408807153,0.8519642556061372,0.8517334230898688,0.8538435603506406,0.8529429248019907,0.0010361354599354579,500,1.438789176940918,0.09553468290834913,0.037916374206542966,0.006765374976337971,"{'n_estimators': 346, 'max_depth': 5, 'learning_rate': np.float64(0.06105450329101332), 'subsample': np.float64(0.9099010106178466), 'colsample_bytree': np.float64(0.7380819985464547), 'min_child_weight': 1}"
587,5,0.06105450329101332,0.9099010106178466,0.7380819985464547,1,0.8113782593972232,0.813953488372093,0.8063534978033119,0.8046744574290484,0.7978436657681941,0.8068406737539741,0.005604601708079063,364,0.8872093023255814,0.8853715428190603,0.8890546027011351,0.885453034081463,0.8875384999583784,0.8869253963771235,0.0013836422780991306,395,2.378441095352173,0.1218536907882588,0.05924711227416992,0.0061150898279274,"{'n_estimators': 587, 'max_depth': 5, 'learning_rate': np.float64(0.06105450329101332), 'subsample': np.float64(0.9099010106178466), 'colsample_bytree': np.float64(0.7380819985464547), 'min_child_weight': 1}"
587,5,0.06105450329101332,0.9099010106178466,0.8467357408850122,1,0.8102806898884004,0.8079866888519135,0.8040472175379426,0.8130405854956753,0.8047058823529412,0.8080122128253746,0.0033788808855128886,294,0.884746608970625,0.8895542248835662,0.8906405575838036,0.8877058725669605,0.8908848968729208,0.8887064321755751,0.0022753734354128284,391,2.4402275562286375,0.05553432070191156,0.08136038780212403,0.01668096663255849,"{'n_estimators': 587, 'max_depth': 5, 'learning_rate': np.float64(0.06105450329101332), 'subsample': np.float64(0.9099010106178466), 'colsample_bytree': np.float64(0.8467357408850122), 'min_child_weight': 1}"
346,5,0.06105450329101332,0.8902403754104223,0.8467357408850122,1,0.8012253233492171,0.8096192384769539,0.8075880758807588,0.8104838709677419,0.798504926945294,0.8054842871239932,0.004761718794174753,455,0.8527339818852734,0.8565422132526068,0.857622565480188,0.8525748906092225,0.8572390005888786,0.8553425303632338,0.002222554991725023,486,1.5183308124542236,0.025792198471513487,0.050799989700317384,0.005044204023616021,"{'n_estimators': 346, 'max_depth': 5, 'learning_rate': np.float64(0.06105450329101332), 'subsample': np.float64(0.8902403754104223), 'colsample_bytree': np.float64(0.8467357408850122), 'min_child_weight': 1}"
346,7,0.06105450329101332,0.7698281182242285,0.8699881445863519,1,0.8029790115098172,0.8081009296148738,0.8071840054218908,0.8094446291985368,0.8017443810801744,0.8058905913650587,0.0029952648297847805,429,0.9219800032781511,0.928226532449464,0.9248668578451454,0.927036522591715,0.9251823322133902,0.9254584496755731,0.002129713945968378,55,1.9630537509918213,0.14399958277019126,0.059288406372070314,0.005316531157354199,"{'n_estimators': 346, 'max_depth': 7, 'learning_rate': np.float64(0.06105450329101332), 'subsample': np.float64(0.7698281182242285), 'colsample_bytree': np.float64(0.8699881445863519), 'min_child_weight': 1}"
464,5,0.06105450329101332,0.7147893522243444,0.8467357408850122,1,0.8079514824797843,0.8128095080884781,0.8014879945891106,0.8115461181154612,0.8012170385395537,0.8070024283624775,0.004881551197664786,355,0.8746044962531224,0.8773978315262719,0.8759806376231013,0.8758528873356631,0.8775118819311265,0.8762695469338571,0.0010812853413363782,424,2.0182875633239745,0.15622939426311155,0.05818748474121094,0.013685243405520993,"{'n_estimators': 464, 'max_depth': 5, 'learning_rate': np.float64(0.06105450329101332), 'subsample': np.float64(0.7147893522243444), 'colsample_bytree': np.float64(0.8467357408850122), 'min_child_weight': 1}"
587,5,0.09148202493973988,0.7147893522243444,0.8467357408850122,1,0.8071117074807111,0.8115561391989494,0.8030913978494624,0.8077427821522309,0.802680067001675,0.8064364187366058,0.0032763846222958084,391,0.9233409610983981,0.9245329199641021,0.9246592114929394,0.9243697478991597,0.9237924281984334,0.9241390537306066,0.0004971952566441462,59,2.5743727684020996,0.09708326962731101,0.0687100887298584,0.013573627308419342,"{'n_estimators': 587, 'max_depth': 5, 'learning_rate': np.float64(0.09148202493973988), 'subsample': np.float64(0.7147893522243444), 'colsample_bytree': np.float64(0.8467357408850122), 'min_child_weight': 1}"
346,7,0.13367300372767088,0.9099010106178466,0.7380819985464547,1,0.8050734312416555,0.8147659854976929,0.797722705961152,0.8124590163934426,0.801729873586161,0.8063502025360207,0.006411774969460472,396,0.9843255224825839,0.9870539943163877,0.9843503003477712,0.9841043890865955,0.9845837615621789,0.9848835935591034,0.0010957685211099347,7,1.7871790885925294,0.1094176507644626,0.06255035400390625,0.009565580688858592,"{'n_estimators': 346, 'max_depth': 7, 'learning_rate': np.float64(0.13367300372767088), 'subsample': np.float64(0.9099010106178466), 'colsample_bytree': np.float64(0.7380819985464547), 'min_child_weight': 1}"
587,5,0.16453898367056088,0.9099010106178466,0.7380819985464547,3,0.8070291777188329,0.8113948919449901,0.8001332445036642,0.8022486772486772,0.8013223140495868,0.8044256610931504,0.004198650716504743,497,0.9498430078093552,0.9535350292913891,0.9539055586839353,0.9516531252513877,0.9492398037165152,0.9516353049505165,0.0018822368263768624,41,2.3512940883636473,0.099251807675509,0.06331863403320312,0.014753165071080175,"{'n_estimators': 587, 'max_depth': 5, 'learning_rate': np.float64(0.16453898367056088), 'subsample': np.float64(0.9099010106178466), 'colsample_bytree': np.float64(0.7380819985464547), 'min_child_weight': 3}"
587,5,0.16453898367056088,0.8902403754104223,0.8467357408850122,1,0.8050397877984085,0.8068443566962816,0.8050565535595475,0.8166992824527071,0.8,0.806727996101389,0.0054836081237313195,376,0.968944099378882,0.9693682195277601,0.9701978860367162,0.9696728488418371,0.9689193496971629,0.9694204806964717,0.0004793435953066817,25,2.463585042953491,0.09006483433842875,0.06343245506286621,0.014297745966043687,"{'n_estimators': 587, 'max_depth': 5, 'learning_rate': np.float64(0.16453898367056088), 'subsample': np.float64(0.8902403754104223), 'colsample_bytree': np.float64(0.8467357408850122), 'min_child_weight': 1}"
587,7,0.06105450329101332,0.9099010106178466,0.7380819985464547,3,0.8066037735849056,0.8099934253780408,0.8022941970310391,0.8118616144975288,0.7991967871485943,0.8059899595280218,0.004705033262376636,418,0.9435064935064935,0.9417207792207792,0.9411669236387243,0.943084157613102,0.9389244869819126,0.9416805681922022,0.0016226828283851494,44,3.0111044883728026,0.1794032635516521,0.12177677154541015,0.004003770405211943,"{'n_estimators': 587, 'max_depth': 7, 'learning_rate': np.float64(0.06105450329101332), 'subsample': np.float64(0.9099010106178466), 'colsample_bytree': np.float64(0.7380819985464547), 'min_child_weight': 3}"
587,5,0.06105450329101332,0.7147893522243444,0.8467357408850122,1,0.8126259234385493,0.8117375535773161,0.8059499661933739,0.8124379755210056,0.8004032258064516,0.8086309289073395,0.004795567984152959,231,0.8903803131991052,0.8954631848607553,0.8942578189640907,0.8933951332560834,0.892907507258399,0.8932807915076868,0.0016901250239452698,370,2.537215757369995,0.10677391644359106,0.0746497631072998,0.015650532981872863,"{'n_estimators': 587, 'max_depth': 5, 'learning_rate': np.float64(0.06105450329101332), 'subsample': np.float64(0.7147893522243444), 'colsample_bytree': np.float64(0.8467357408850122), 'min_child_weight': 1}"
587,7,0.06105450329101332,0.9099010106178466,0.7380819985464547,1,0.8080672268907563,0.8106684227856438,0.808251606357795,0.813592873639063,0.8075117370892019,0.8096183733524921,0.0022632401573572463,2,0.9664826813854892,0.9672773821905752,0.9660474055092889,0.9656110044785668,0.965163770321134,0.9661164487770109,0.0007279738822488526,30,3.027108573913574,0.11347260670824405,0.10589351654052734,0.025625775938207054,"{'n_estimators': 587, 'max_depth': 7, 'learning_rate': np.float64(0.06105450329101332), 'subsample': np.float64(0.9099010106178466), 'colsample_bytree': np.float64(0.7380819985464547), 'min_child_weight': 1}"
346,5,0.06105450329101332,0.9099010106178466,0.7380819985464547,1,0.8038147138964578,0.8125416944629753,0.8069340584636302,0.8046979865771812,0.7987763426240653,0.8053529592048619,0.0044771612188968125,465,0.852778244082592,0.8543951408807153,0.8519642556061372,0.8517334230898688,0.8538435603506406,0.8529429248019907,0.0010361354599354579,500,1.438789176940918,0.09553468290834913,0.037916374206542966,0.006765374976337971,"{'n_estimators': 346, 'max_depth': 5, 'learning_rate': np.float64(0.06105450329101332), 'subsample': np.float64(0.9099010106178466), 'colsample_bytree': np.float64(0.7380819985464547), 'min_child_weight': 1}"
346,7,0.06105450329101332,0.9099010106178466,0.7380819985464547,1,0.8063858695652174,0.8163129973474801,0.8105726872246696,0.8083832335329342,0.8055367994598245,0.8094383174260251,0.0038522850690863625,4,0.9133167907361456,0.9162886597938145,0.9152095018145826,0.9140695666474796,0.914002478314746,0.9145773994613536,0.0010493358051783086,108,1.8059442520141602,0.045184706003403484,0.06992387771606445,0.007846419237944439,"{'n_estimators': 346, 'max_depth': 7, 'learning_rate': np.float64(0.06105450329101332), 'subsample': np.float64(0.9099010106178466), 'colsample_bytree': np.float64(0.7380819985464547), 'min_child_weight': 1}"
346,7,0.06105450329101332,0.9099010106178466,0.7380819985464547,1,0.8063858695652174,0.8163129973474801,0.8105726872246696,0.8083832335329342,0.8055367994598245,0.8094383174260251,0.0038522850690863625,4,0.9133167907361456,0.9162886597938145,0.9152095018145826,0.9140695666474796,0.914002478314746,0.9145773994613536,0.0010493358051783086,108,1.8059442520141602,0.045184706003403484,0.06992387771606445,0.007846419237944439,"{'n_estimators': 346, 'max_depth': 7, 'learning_rate': np.float64(0.06105450329101332), 'subsample': np.float64(0.9099010106178466), 'colsample_bytree': np.float64(0.7380819985464547), 'min_child_weight': 1}"
587,5,0.06105450329101332,0.8902403754104223,0.8467357408850122,1,0.8083953960731212,0.8086522462562395,0.8058186738836265,0.8102529960053262,0.8001348163127738,0.8066508257062175,0.0035545940954825584,379,0.8869709543568465,0.8918424987539458,0.8924401755402832,0.8880950402924317,0.891952495639897,0.8902602329166809,0.0022639293580255606,384,2.441364622116089,0.03883092839538925,0.06887688636779785,0.018186791242220366,"{'n_estimators': 587, 'max_depth': 5, 'learning_rate': np.float64(0.06105450329101332), 'subsample': np.float64(0.8902403754104223), 'colsample_bytree': np.float64(0.8467357408850122), 'min_child_weight': 1}"
587,7,0.06105450329101332,0.9099010106178466,0.7380819985464547,1,0.8080672268907563,0.8106684227856438,0.808251606357795,0.813592873639063,0.8075117370892019,0.8096183733524921,0.0022632401573572463,2,0.9664826813854892,0.9672773821905752,0.9660474055092889,0.9656110044785668,0.965163770321134,0.9661164487770109,0.0007279738822488526,30,3.027108573913574,0.11347260670824405,0.10589351654052734,0.025625775938207054,"{'n_estimators': 587, 'max_depth': 7, 'learning_rate': np.float64(0.06105450329101332), 'subsample': np.float64(0.9099010106178466), 'colsample_bytree': np.float64(0.7380819985464547), 'min_child_weight': 1}"
346,7,0.06105450329101332,0.9099010106178466,0.7380819985464547,1,0.8063858695652174,0.8163129973474801,0.8105726872246696,0.8083832335329342,0.8055367994598245,0.8094383174260251,0.0038522850690863625,4,0.9133167907361456,0.9162886597938145,0.9152095018145826,0.9140695666474796,0.914002478314746,0.9145773994613536,0.0010493358051783086,108,1.8059442520141602,0.045184706003403484,0.06992387771606445,0.007846419237944439,"{'n_estimators': 346, 'max_depth': 7, 'learning_rate': np.float64(0.06105450329101332), 'subsample': np.float64(0.9099010106178466), 'colsample_bytree': np.float64(0.7380819985464547), 'min_child_weight': 1}"
587,5,0.06105450329101332,0.9099010106178466,0.7380819985464547,3,0.8124366339979723,0.8109006314390163,0.8085250338294994,0.8088088088088088,0.8024152968802415,0.8086172809911076,0.003414994758831256,238,0.8784065338778232,0.8795060080106809,0.8776666666666667,0.8750939928147715,0.8791263754584862,0.8779599153656857,0.0015652480044838278,417,2.18563289642334,0.036058949356749144,0.061974382400512694,0.005003973390148362,"{'n_estimators': 587, 'max_depth': 5, 'learning_rate': np.float64(0.06105450329101332), 'subsample': np.float64(0.9099010106178466), 'colsample_bytree': np.float64(0.7380819985464547), 'min_child_weight': 3}"
587,5,0.06105450329101332,0.8902403754104223,0.8467357408850122,1,0.8083953960731212,0.8086522462562395,0.8058186738836265,0.8102529960053262,0.8001348163127738,0.8066508257062175,0.0035545940954825584,379,0.8869709543568465,0.8918424987539458,0.8924401755402832,0.8880950402924317,0.891952495639897,0.8902602329166809,0.0022639293580255606,384,2.441364622116089,0.03883092839538925,0.06887688636779785,0.018186791242220366,"{'n_estimators': 587, 'max_depth': 5, 'learning_rate': np.float64(0.06105450329101332), 'subsample': np.float64(0.8902403754104223), 'colsample_bytree': np.float64(0.8467357408850122), 'min_child_weight': 1}"
587,5,0.06105450329101332,0.9099010106178466,0.7380819985464547,1,0.8113782593972232,0.813953488372093,0.8063534978033119,0.8046744574290484,0.7978436657681941,0.8068406737539741,0.005604601708079063,364,0.8872093023255814,0.8853715428190603,0.8890546027011351,0.885453034081463,0.8875384999583784,0.8869253963771235,0.0013836422780991306,395,2.378441095352173,0.1218536907882588,0.05924711227416992,0.0061150898279274,"{'n_estimators': 587, 'max_depth': 5, 'learning_rate': np.float64(0.06105450329101332), 'subsample': np.float64(0.9099010106178466), 'colsample_bytree': np.float64(0.7380819985464547), 'min_child_weight': 1}"
346,7,0.06105450329101332,0.7147893522243444,0.8467357408850122,1,0.8047377326565144,0.8126036484245439,0.8066373179817136,0.8007994670219853,0.8044280442804428,0.8058412420730401,0.003872937727721178,433,0.9214221200426964,0.9262623782633603,0.9240206101251329,0.9233920524375256,0.9243256538493072,0.9238845629436045,0.0015603376145175549,60,1.9413753509521485,0.1536818134753,0.06125407218933106,0.01552541903137567,"{'n_estimators': 346, 'max_depth': 7, 'learning_rate': np.float64(0.06105450329101332), 'subsample': np.float64(0.7147893522243444), 'colsample_bytree': np.float64(0.8467357408850122), 'min_child_weight': 1}"
587,5,0.06105450329101332,0.9099010106178466,0.7959029036426779,10,0.8100237047070775,0.8107569721115537,0.8092016238159675,0.8106489184692179,0.800941492938803,0.808314542408524,0.0037278621786800132,261,0.8598209055151058,0.8607489134068873,0.8592704149933066,0.8572625932444892,0.8615641990798829,0.8597334052479344,0.00146355670235253,468,2.5708566665649415,0.07661238489489783,0.08117742538452148,0.012996268706436541,"{'n_estimators': 587, 'max_depth': 5, 'learning_rate': np.float64(0.06105450329101332), 'subsample': np.float64(0.9099010106178466), 'colsample_bytree': np.float64(0.7959029036426779), 'min_child_weight': 10}"
346,6,0.16453898367056088,0.8902403754104223,0.8467357408850122,1,0.8086811352253757,0.8064836255375455,0.8038887026483406,0.8120052770448549,0.7997334221926025,0.8061584325297438,0.004173435077574928,409,0.9732050568498052,0.9723458359821996,0.9735230977180568,0.9715877437325905,0.9720608134999602,0.9725445095565224,0.0007187198929583871,15,1.6582547664642333,0.06255895408572347,0.0486140251159668,0.00918526006844166,"{'n_estimators': 346, 'max_depth': 6, 'learning_rate': np.float64(0.16453898367056088), 'subsample': np.float64(0.8902403754104223), 'colsample_bytree': np.float64(0.8467357408850122), 'min_child_weight': 1}"
346,5,0.06105450329101332,0.9099010106178466,0.7959029036426779,1,0.8057162300102075,0.8103217158176944,0.8072207084468664,0.805769875880577,0.8006768189509307,0.8059410698212552,0.0031183242900617134,421,0.8526050420168068,0.8547584927927169,0.8557740796772567,0.851565129585998,0.8543313708999158,0.8538068229945388,0.001517919077015117,494,1.5014261722564697,0.0466339361432264,0.05125546455383301,0.003530706711303179,"{'n_estimators': 346, 'max_depth': 5, 'learning_rate': np.float64(0.06105450329101332), 'subsample': np.float64(0.9099010106178466), 'colsample_bytree': np.float64(0.7959029036426779), 'min_child_weight': 1}"
587,5,0.06105450329101332,0.9099010106178466,0.7380819985464547,3,0.8124366339979723,0.8109006314390163,0.8085250338294994,0.8088088088088088,0.8024152968802415,0.8086172809911076,0.003414994758831256,238,0.8784065338778232,0.8795060080106809,0.8776666666666667,0.8750939928147715,0.8791263754584862,0.8779599153656857,0.0015652480044838278,417,2.18563289642334,0.036058949356749144,0.061974382400512694,0.005003973390148362,"{'n_estimators': 587, 'max_depth': 5, 'learning_rate': np.float64(0.06105450329101332), 'subsample': np.float64(0.9099010106178466), 'colsample_bytree': np.float64(0.7380819985464547), 'min_child_weight': 3}"
587,5,0.06105450329101332,0.9099010106178466,0.7380819985464547,1,0.8113782593972232,0.813953488372093,0.8063534978033119,0.8046744574290484,0.7978436657681941,0.8068406737539741,0.005604601708079063,364,0.8872093023255814,0.8853715428190603,0.8890546027011351,0.885453034081463,0.8875384999583784,0.8869253963771235,0.0013836422780991306,395,2.378441095352173,0.1218536907882588,0.05924711227416992,0.0061150898279274,"{'n_estimators': 587, 'max_depth': 5, 'learning_rate': np.float64(0.06105450329101332), 'subsample': np.float64(0.9099010106178466), 'colsample_bytree': np.float64(0.7380819985464547), 'min_child_weight': 1}"
587,5,0.06105450329101332,0.9099010106178466,0.7380819985464547,3,0.8124366339979723,0.8109006314390163,0.8085250338294994,0.8088088088088088,0.8024152968802415,0.8086172809911076,0.003414994758831256,238,0.8784065338778232,0.8795060080106809,0.8776666666666667,0.8750939928147715,0.8791263754584862,0.8779599153656857,0.0015652480044838278,417,2.18563289642334,0.036058949356749144,0.061974382400512694,0.005003973390148362,"{'n_estimators': 587, 'max_depth': 5, 'learning_rate': np.float64(0.06105450329101332), 'subsample': np.float64(0.9099010106178466), 'colsample_bytree': np.float64(0.7380819985464547), 'min_child_weight': 3}"
346,7,0.06105450329101332,0.7147893522243444,0.7380819985464547,1,0.8048946295037389,0.8099337748344371,0.8062225228271898,0.8049432197728791,0.8024234264557388,0.8056835146787968,0.002455760279992018,447,0.9186744511142175,0.9252535165194635,0.9231273561711195,0.9210699048244174,0.9201083832826997,0.9216467223823835,0.00231235129407192,65,2.018008995056152,0.02971052713156512,0.05580878257751465,0.005623008765867311,"{'n_estimators': 346, 'max_depth': 7, 'learning_rate': np.float64(0.06105450329101332), 'subsample': np.float64(0.7147893522243444), 'colsample_bytree': np.float64(0.7380819985464547), 'min_child_weight': 1}"
346,7,0.06105450329101332,0.9099010106178466,0.7380819985464547,1,0.8063858695652174,0.8163129973474801,0.8105726872246696,0.8083832335329342,0.8055367994598245,0.8094383174260251,0.0038522850690863625,4,0.9133167907361456,0.9162886597938145,0.9152095018145826,0.9140695666474796,0.914002478314746,0.9145773994613536,0.0010493358051783086,108,1.8059442520141602,0.045184706003403484,0.06992387771606445,0.007846419237944439,"{'n_estimators': 346, 'max_depth': 7, 'learning_rate': np.float64(0.06105450329101332), 'subsample': np.float64(0.9099010106178466), 'colsample_bytree': np.float64(0.7380819985464547), 'min_child_weight': 1}"
346,7,0.06105450329101332,0.9099010106178466,0.7380819985464547,1,0.8063858695652174,0.8163129973474801,0.8105726872246696,0.8083832335329342,0.8055367994598245,0.8094383174260251,0.0038522850690863625,4,0.9133167907361456,0.9162886597938145,0.9152095018145826,0.9140695666474796,0.914002478314746,0.9145773994613536,0.0010493358051783086,108,1.8059442520141602,0.045184706003403484,0.06992387771606445,0.007846419237944439,"{'n_estimators': 346, 'max_depth': 7, 'learning_rate': np.float64(0.06105450329101332), 'subsample': np.float64(0.9099010106178466), 'colsample_bytree': np.float64(0.7380819985464547), 'min_child_weight': 1}"
346,7,0.06105450329101332,0.9099010106178466,0.7380819985464547,1,0.8063858695652174,0.8163129973474801,0.8105726872246696,0.8083832335329342,0.8055367994598245,0.8094383174260251,0.0038522850690863625,4,0.9133167907361456,0.9162886597938145,0.9152095018145826,0.9140695666474796,0.914002478314746,0.9145773994613536,0.0010493358051783086,108,1.8059442520141602,0.045184706003403484,0.06992387771606445,0.007846419237944439,"{'n_estimators': 346, 'max_depth': 7, 'learning_rate': np.float64(0.06105450329101332), 'subsample': np.float64(0.9099010106178466), 'colsample_bytree': np.float64(0.7380819985464547), 'min_child_weight': 1}"
346,5,0.06105450329101332,0.9099010106178466,0.8467357408850122,1,0.8070652173913043,0.8080133555926544,0.8009510869565217,0.8085819644653034,0.7997293640054127,0.8048681976822394,0.003748662310693662,478,0.8529411764705882,0.8550198429451997,0.8556553866823411,0.852216334426781,0.8549515381373789,0.8541568557324577,0.001331567577506354,491,1.4547221183776855,0.04867760439194729,0.04592461585998535,0.012362743868116035,"{'n_estimators': 346, 'max_depth': 5, 'learning_rate': np.float64(0.06105450329101332), 'subsample': np.float64(0.9099010106178466), 'colsample_bytree': np.float64(0.8467357408850122), 'min_child_weight': 1}"
346,7,0.06105450329101332,0.9099010106178466,0.7380819985464547,1,0.8063858695652174,0.8163129973474801,0.8105726872246696,0.8083832335329342,0.8055367994598245,0.8094383174260251,0.0038522850690863625,4,0.9133167907361456,0.9162886597938145,0.9152095018145826,0.9140695666474796,0.914002478314746,0.9145773994613536,0.0010493358051783086,108,1.8059442520141602,0.045184706003403484,0.06992387771606445,0.007846419237944439,"{'n_estimators': 346, 'max_depth': 7, 'learning_rate': np.float64(0.06105450329101332), 'subsample': np.float64(0.9099010106178466), 'colsample_bytree': np.float64(0.7380819985464547), 'min_child_weight': 1}"
346,7,0.06105450329101332,0.9099010106178466,0.7380819985464547,1,0.8063858695652174,0.8163129973474801,0.8105726872246696,0.8083832335329342,0.8055367994598245,0.8094383174260251,0.0038522850690863625,4,0.9133167907361456,0.9162886597938145,0.9152095018145826,0.9140695666474796,0.914002478314746,0.9145773994613536,0.0010493358051783086,108,1.8059442520141602,0.045184706003403484,0.06992387771606445,0.007846419237944439,"{'n_estimators': 346, 'max_depth': 7, 'learning_rate': np.float64(0.06105450329101332), 'subsample': np.float64(0.9099010106178466), 'colsample_bytree': np.float64(0.7380819985464547), 'min_child_weight': 1}"
346,7,0.06105450329101332,0.9099010106178466,0.7380819985464547,1,0.8063858695652174,0.8163129973474801,0.8105726872246696,0.8083832335329342,0.8055367994598245,0.8094383174260251,0.0038522850690863625,4,0.9133167907361456,0.9162886597938145,0.9152095018145826,0.9140695666474796,0.914002478314746,0.9145773994613536,0.0010493358051783086,108,1.8059442520141602,0.045184706003403484,0.06992387771606445,0.007846419237944439,"{'n_estimators': 346, 'max_depth': 7, 'learning_rate': np.float64(0.06105450329101332), 'subsample': np.float64(0.9099010106178466), 'colsample_bytree': np.float64(0.7380819985464547), 'min_child_weight': 1}"
587,5,0.06105450329101332,0.9099010106178466,0.7380819985464547,1,0.8113782593972232,0.813953488372093,0.8063534978033119,0.8046744574290484,0.7978436657681941,0.8068406737539741,0.005604601708079063,364,0.8872093023255814,0.8853715428190603,0.8890546027011351,0.885453034081463,0.8875384999583784,0.8869253963771235,0.0013836422780991306,395,2.378441095352173,0.1218536907882588,0.05924711227416992,0.0061150898279274,"{'n_estimators': 587, 'max_depth': 5, 'learning_rate': np.float64(0.06105450329101332), 'subsample': np.float64(0.9099010106178466), 'colsample_bytree': np.float64(0.7380819985464547), 'min_child_weight': 1}"
346,7,0.06105450329101332,0.8902403754104223,0.8467357408850122,1,0.805291723202171,0.8082419408441343,0.8078884733083985,0.8099667774086379,0.8091706001348618,0.8081119029796406,0.0015862940115415624,275,0.9164811608541512,0.9224710804824021,0.9208278580814717,0.9208668527335413,0.9177225604739181,0.9196739025250968,0.0022172182269159625,78,2.0011305809020996,0.08572997725820003,0.06535477638244629,0.01033163325019707,"{'n_estimators': 346, 'max_depth': 7, 'learning_rate': np.float64(0.06105450329101332), 'subsample': np.float64(0.8902403754104223), 'colsample_bytree': np.float64(0.8467357408850122), 'min_child_weight': 1}"
587,7,0.06105450329101332,0.7147893522243444,0.8467357408850122,1,0.8039083557951483,0.8113269674020415,0.807277628032345,0.8069828722002635,0.8065486134313398,0.8072088873722276,0.002380918378969603,344,0.9745830023828436,0.9768253968253968,0.9729385546004458,0.9750516446845702,0.9726932569062973,0.9744183710799108,0.0015091578836287976,14,3.6919641971588133,0.08454143200301381,0.1181602954864502,0.017800882846851197,"{'n_estimators': 587, 'max_depth': 7, 'learning_rate': np.float64(0.06105450329101332), 'subsample': np.float64(0.7147893522243444), 'colsample_bytree': np.float64(0.8467357408850122), 'min_child_weight': 1}"
587,5,0.06105450329101332,0.7199374179473045,0.7959029036426779,10,0.8059399257509281,0.8082010582010583,0.8087837837837838,0.8079734219269104,0.7968960863697706,0.8055588552064903,0.00443622163825903,452,0.8640946587784352,0.8619708884055546,0.859504132231405,0.8589357429718876,0.8618932241624195,0.8612797293099403,0.0018668112748936698,466,2.394382286071777,0.0893914187718727,0.08491263389587403,0.01597775798499306,"{'n_estimators': 587, 'max_depth': 5, 'learning_rate': np.float64(0.06105450329101332), 'subsample': np.float64(0.7199374179473045), 'colsample_bytree': np.float64(0.7959029036426779), 'min_child_weight': 10}"
346,7,0.06105450329101332,0.9099010106178466,0.7380819985464547,1,0.8063858695652174,0.8163129973474801,0.8105726872246696,0.8083832335329342,0.8055367994598245,0.8094383174260251,0.0038522850690863625,4,0.9133167907361456,0.9162886597938145,0.9152095018145826,0.9140695666474796,0.914002478314746,0.9145773994613536,0.0010493358051783086,108,1.8059442520141602,0.045184706003403484,0.06992387771606445,0.007846419237944439,"{'n_estimators': 346, 'max_depth': 7, 'learning_rate': np.float64(0.06105450329101332), 'subsample': np.float64(0.9099010106178466), 'colsample_bytree': np.float64(0.7380819985464547), 'min_child_weight': 1}"
346,5,0.06105450329101332,0.9099010106178466,0.7380819985464547,1,0.8038147138964578,0.8125416944629753,0.8069340584636302,0.8046979865771812,0.7987763426240653,0.8053529592048619,0.0044771612188968125,465,0.852778244082592,0.8543951408807153,0.8519642556061372,0.8517334230898688,0.8538435603506406,0.8529429248019907,0.0010361354599354579,500,1.438789176940918,0.09553468290834913,0.037916374206542966,0.006765374976337971,"{'n_estimators': 346, 'max_depth': 5, 'learning_rate': np.float64(0.06105450329101332), 'subsample': np.float64(0.9099010106178466), 'colsample_bytree': np.float64(0.7380819985464547), 'min_child_weight': 1}"
346,7,0.06105450329101332,0.9099010106178466,0.7380819985464547,1,0.8063858695652174,0.8163129973474801,0.8105726872246696,0.8083832335329342,0.8055367994598245,0.8094383174260251,0.0038522850690863625,4,0.9133167907361456,0.9162886597938145,0.9152095018145826,0.9140695666474796,0.914002478314746,0.9145773994613536,0.0010493358051783086,108,1.8059442520141602,0.045184706003403484,0.06992387771606445,0.007846419237944439,"{'n_estimators': 346, 'max_depth': 7, 'learning_rate': np.float64(0.06105450329101332), 'subsample': np.float64(0.9099010106178466), 'colsample_bytree': np.float64(0.7380819985464547), 'min_child_weight': 1}"
346,7,0.06105450329101332,0.9099010106178466,0.7380819985464547,1,0.8063858695652174,0.8163129973474801,0.8105726872246696,0.8083832335329342,0.8055367994598245,0.8094383174260251,0.0038522850690863625,4,0.9133167907361456,0.9162886597938145,0.9152095018145826,0.9140695666474796,0.914002478314746,0.9145773994613536,0.0010493358051783086,108,1.8059442520141602,0.045184706003403484,0.06992387771606445,0.007846419237944439,"{'n_estimators': 346, 'max_depth': 7, 'learning_rate': np.float64(0.06105450329101332), 'subsample': np.float64(0.9099010106178466), 'colsample_bytree': np.float64(0.7380819985464547), 'min_child_weight': 1}"
346,7,0.06105450329101332,0.9099010106178466,0.7380819985464547,1,0.8063858695652174,0.8163129973474801,0.8105726872246696,0.8083832335329342,0.8055367994598245,0.8094383174260251,0.0038522850690863625,4,0.9133167907361456,0.9162886597938145,0.9152095018145826,0.9140695666474796,0.914002478314746,0.9145773994613536,0.0010493358051783086,108,1.8059442520141602,0.045184706003403484,0.06992387771606445,0.007846419237944439,"{'n_estimators': 346, 'max_depth': 7, 'learning_rate': np.float64(0.06105450329101332), 'subsample': np.float64(0.9099010106178466), 'colsample_bytree': np.float64(0.7380819985464547), 'min_child_weight': 1}"
346,7,0.06105450329101332,0.8902403754104223,0.8467357408850122,1,0.805291723202171,0.8082419408441343,0.8078884733083985,0.8099667774086379,0.8091706001348618,0.8081119029796406,0.0015862940115415624,275,0.9164811608541512,0.9224710804824021,0.9208278580814717,0.9208668527335413,0.9177225604739181,0.9196739025250968,0.0022172182269159625,78,2.0011305809020996,0.08572997725820003,0.06535477638244629,0.01033163325019707,"{'n_estimators': 346, 'max_depth': 7, 'learning_rate': np.float64(0.06105450329101332), 'subsample': np.float64(0.8902403754104223), 'colsample_bytree': np.float64(0.8467357408850122), 'min_child_weight': 1}"
346,7,0.06105450329101332,0.9099010106178466,0.7380819985464547,1,0.8063858695652174,0.8163129973474801,0.8105726872246696,0.8083832335329342,0.8055367994598245,0.8094383174260251,0.0038522850690863625,4,0.9133167907361456,0.9162886597938145,0.9152095018145826,0.9140695666474796,0.914002478314746,0.9145773994613536,0.0010493358051783086,108,1.8059442520141602,0.045184706003403484,0.06992387771606445,0.007846419237944439,"{'n_estimators': 346, 'max_depth': 7, 'learning_rate': np.float64(0.06105450329101332), 'subsample': np.float64(0.9099010106178466), 'colsample_bytree': np.float64(0.7380819985464547), 'min_child_weight': 1}"
587,7,0.06105450329101332,0.9099010106178466,0.7380819985464547,3,0.8066037735849056,0.8099934253780408,0.8022941970310391,0.8118616144975288,0.7991967871485943,0.8059899595280218,0.004705033262376636,418,0.9435064935064935,0.9417207792207792,0.9411669236387243,0.943084157613102,0.9389244869819126,0.9416805681922022,0.0016226828283851494,44,3.0111044883728026,0.1794032635516521,0.12177677154541015,0.004003770405211943,"{'n_estimators': 587, 'max_depth': 7, 'learning_rate': np.float64(0.06105450329101332), 'subsample': np.float64(0.9099010106178466), 'colsample_bytree': np.float64(0.7380819985464547), 'min_child_weight': 3}"
346,7,0.06105450329101332,0.9099010106178466,0.7380819985464547,1,0.8063858695652174,0.8163129973474801,0.8105726872246696,0.8083832335329342,0.8055367994598245,0.8094383174260251,0.0038522850690863625,4,0.9133167907361456,0.9162886597938145,0.9152095018145826,0.9140695666474796,0.914002478314746,0.9145773994613536,0.0010493358051783086,108,1.8059442520141602,0.045184706003403484,0.06992387771606445,0.007846419237944439,"{'n_estimators': 346, 'max_depth': 7, 'learning_rate': np.float64(0.06105450329101332), 'subsample': np.float64(0.9099010106178466), 'colsample_bytree': np.float64(0.7380819985464547), 'min_child_weight': 1}"
346,7,0.06105450329101332,0.9099010106178466,0.7380819985464547,1,0.8063858695652174,0.8163129973474801,0.8105726872246696,0.8083832335329342,0.8055367994598245,0.8094383174260251,0.0038522850690863625,4,0.9133167907361456,0.9162886597938145,0.9152095018145826,0.9140695666474796,0.914002478314746,0.9145773994613536,0.0010493358051783086,108,1.8059442520141602,0.045184706003403484,0.06992387771606445,0.007846419237944439,"{'n_estimators': 346, 'max_depth': 7, 'learning_rate': np.float64(0.06105450329101332), 'subsample': np.float64(0.9099010106178466), 'colsample_bytree': np.float64(0.7380819985464547), 'min_child_weight': 1}"
346,7,0.16453898367056088,0.8902403754104223,0.8467357408850122,1,0.8005345806882727,0.8052631578947368,0.8053244592346089,0.8036769533814839,0.802653399668325,0.8034905101734854,0.0017876623446088646,510,0.9956886415301404,0.9956119730449773,0.9963163257308566,0.9956886415301404,0.9960821187901583,0.9958775401252546,0.0002743269838774795,3,1.851872730255127,0.0542061302881137,0.06563200950622558,0.014694014950503402,"{'n_estimators': 346, 'max_depth': 7, 'learning_rate': np.float64(0.16453898367056088), 'subsample': np.float64(0.8902403754104223), 'colsample_bytree': np.float64(0.8467357408850122), 'min_child_weight': 1}"
346,7,0.06105450329101332,0.9099010106178466,0.7380819985464547,1,0.8063858695652174,0.8163129973474801,0.8105726872246696,0.8083832335329342,0.8055367994598245,0.8094383174260251,0.0038522850690863625,4,0.9133167907361456,0.9162886597938145,0.9152095018145826,0.9140695666474796,0.914002478314746,0.9145773994613536,0.0010493358051783086,108,1.8059442520141602,0.045184706003403484,0.06992387771606445,0.007846419237944439,"{'n_estimators': 346, 'max_depth': 7, 'learning_rate': np.float64(0.06105450329101332), 'subsample': np.float64(0.9099010106178466), 'colsample_bytree': np.float64(0.7380819985464547), 'min_child_weight': 1}"
346,5,0.16453898367056088,0.8902403754104223,0.8467357408850122,4,0.8029343114371457,0.8061760840998686,0.8049514887922382,0.8118811881188119,0.8050397877984085,0.8061965720492946,0.0030280688907475374,404,0.9099712761592121,0.9113965474924323,0.9109981970168824,0.9100607254226161,0.9094045174537988,0.9103662527089884,0.0007259681876965589,333,1.3864049911499023,0.05318730270549846,0.04469208717346192,0.01002044237506734,"{'n_estimators': 346, 'max_depth': 5, 'learning_rate': np.float64(0.16453898367056088), 'subsample': np.float64(0.8902403754104223), 'colsample_bytree': np.float64(0.8467357408850122), 'min_child_weight': 4}"
587,5,0.06105450329101332,0.9099010106178466,0.7380819985464547,1,0.8113782593972232,0.813953488372093,0.8063534978033119,0.8046744574290484,0.7978436657681941,0.8068406737539741,0.005604601708079063,364,0.8872093023255814,0.8853715428190603,0.8890546027011351,0.885453034081463,0.8875384999583784,0.8869253963771235,0.0013836422780991306,395,2.378441095352173,0.1218536907882588,0.05924711227416992,0.0061150898279274,"{'n_estimators': 587, 'max_depth': 5, 'learning_rate': np.float64(0.06105450329101332), 'subsample': np.float64(0.9099010106178466), 'colsample_bytree': np.float64(0.7380819985464547), 'min_child_weight': 1}"
346,7,0.06105450329101332,0.9099010106178466,0.7380819985464547,1,0.8063858695652174,0.8163129973474801,0.8105726872246696,0.8083832335329342,0.8055367994598245,0.8094383174260251,0.0038522850690863625,4,0.9133167907361456,0.9162886597938145,0.9152095018145826,0.9140695666474796,0.914002478314746,0.9145773994613536,0.0010493358051783086,108,1.8059442520141602,0.045184706003403484,0.06992387771606445,0.007846419237944439,"{'n_estimators': 346, 'max_depth': 7, 'learning_rate': np.float64(0.06105450329101332), 'subsample': np.float64(0.9099010106178466), 'colsample_bytree': np.float64(0.7380819985464547), 'min_child_weight': 1}"
346,7,0.06105450329101332,0.9099010106178466,0.7380819985464547,1,0.8063858695652174,0.8163129973474801,0.8105726872246696,0.8083832335329342,0.8055367994598245,0.8094383174260251,0.0038522850690863625,4,0.9133167907361456,0.9162886597938145,0.9152095018145826,0.9140695666474796,0.914002478314746,0.9145773994613536,0.0010493358051783086,108,1.8059442520141602,0.045184706003403484,0.06992387771606445,0.007846419237944439,"{'n_estimators': 346, 'max_depth': 7, 'learning_rate': np.float64(0.06105450329101332), 'subsample': np.float64(0.9099010106178466), 'colsample_bytree': np.float64(0.7380819985464547), 'min_child_weight': 1}"
346,7,0.06105450329101332,0.9099010106178466,0.9409261911966403,1,0.8086838534599728,0.8114399733954107,0.8084382443007826,0.8078327248589445,0.8061807188444743,0.8085151029719169,0.0017031876068299954,245,0.9184965868903693,0.923380142892338,0.918469765528589,0.9190741956664478,0.9177090190915076,0.9194259420138502,0.002024116044999254,89,1.8903769493103026,0.11811409480123689,0.06113157272338867,0.011654299387945275,"{'n_estimators': 346, 'max_depth': 7, 'learning_rate': np.float64(0.06105450329101332), 'subsample': np.float64(0.9099010106178466), 'colsample_bytree': np.float64(0.9409261911966403), 'min_child_weight': 1}"
346,5,0.06105450329101332,0.9099010106178466,0.7959029036426779,1,0.8057162300102075,0.8103217158176944,0.8072207084468664,0.805769875880577,0.8006768189509307,0.8059410698212552,0.0031183242900617134,421,0.8526050420168068,0.8547584927927169,0.8557740796772567,0.851565129585998,0.8543313708999158,0.8538068229945388,0.001517919077015117,494,1.5014261722564697,0.0466339361432264,0.05125546455383301,0.003530706711303179,"{'n_estimators': 346, 'max_depth': 5, 'learning_rate': np.float64(0.06105450329101332), 'subsample': np.float64(0.9099010106178466), 'colsample_bytree': np.float64(0.7959029036426779), 'min_child_weight': 1}"
587,5,0.06105450329101332,0.7147893522243444,0.8467357408850122,1,0.8126259234385493,0.8117375535773161,0.8059499661933739,0.8124379755210056,0.8004032258064516,0.8086309289073395,0.004795567984152959,231,0.8903803131991052,0.8954631848607553,0.8942578189640907,0.8933951332560834,0.892907507258399,0.8932807915076868,0.0016901250239452698,370,2.537215757369995,0.10677391644359106,0.0746497631072998,0.015650532981872863,"{'n_estimators': 587, 'max_depth': 5, 'learning_rate': np.float64(0.06105450329101332), 'subsample': np.float64(0.7147893522243444), 'colsample_bytree': np.float64(0.8467357408850122), 'min_child_weight': 1}"
346,7,0.06105450329101332,0.9099010106178466,0.7380819985464547,1,0.8063858695652174,0.8163129973474801,0.8105726872246696,0.8083832335329342,0.8055367994598245,0.8094383174260251,0.0038522850690863625,4,0.9133167907361456,0.9162886597938145,0.9152095018145826,0.9140695666474796,0.914002478314746,0.9145773994613536,0.0010493358051783086,108,1.8059442520141602,0.045184706003403484,0.06992387771606445,0.007846419237944439,"{'n_estimators': 346, 'max_depth': 7, 'learning_rate': np.float64(0.06105450329101332), 'subsample': np.float64(0.9099010106178466), 'colsample_bytree': np.float64(0.7380819985464547), 'min_child_weight': 1}"
346,5,0.06105450329101332,0.7147893522243444,0.8467357408850122,1,0.8054329371816639,0.8096977748256393,0.8038082284937096,0.810304449648712,0.8002703616086516,0.8059027503516752,0.003744561833920522,425,0.8559186759640427,0.8568302331453581,0.8576926294654061,0.8536667226044639,0.8598052384150436,0.8567826999188629,0.002020981057137378,479,1.5051493167877197,0.036485063835612654,0.04038171768188477,0.0048587086820319906,"{'n_estimators': 346, 'max_depth': 5, 'learning_rate': np.float64(0.06105450329101332), 'subsample': np.float64(0.7147893522243444), 'colsample_bytree': np.float64(0.8467357408850122), 'min_child_weight': 1}"
346,5,0.06105450329101332,0.7147893522243444,0.8467357408850122,1,0.8054329371816639,0.8096977748256393,0.8038082284937096,0.810304449648712,0.8002703616086516,0.8059027503516752,0.003744561833920522,425,0.8559186759640427,0.8568302331453581,0.8576926294654061,0.8536667226044639,0.8598052384150436,0.8567826999188629,0.002020981057137378,479,1.5051493167877197,0.036485063835612654,0.04038171768188477,0.0048587086820319906,"{'n_estimators': 346, 'max_depth': 5, 'learning_rate': np.float64(0.06105450329101332), 'subsample': np.float64(0.7147893522243444), 'colsample_bytree': np.float64(0.8467357408850122), 'min_child_weight': 1}"
587,5,0.09138827276243291,0.7147893522243444,0.8467357408850122,1,0.8040201005025126,0.807375699703655,0.8012108980827447,0.8109174613613943,0.8029343114371457,0.8052916942174905,0.0034588852558645276,468,0.9235289316901983,0.9258111853905103,0.926634638873056,0.9258082905774085,0.922360248447205,0.9248286589956758,0.0016105242112046932,56,2.5007277011871336,0.13929197466545618,0.07023658752441406,0.009541461355133635,"{'n_estimators': 587, 'max_depth': 5, 'learning_rate': np.float64(0.09138827276243291), 'subsample': np.float64(0.7147893522243444), 'colsample_bytree': np.float64(0.8467357408850122), 'min_child_weight': 1}"
346,5,0.09098897140932591,0.8902403754104223,0.8467357408850122,1,0.8071718538565629,0.8096337842296272,0.8102633355840648,0.8141239173884077,0.8005372733378107,0.8083460328792947,0.004496081061475464,254,0.8810198300283286,0.8828618968386023,0.8818884548250353,0.8803390393883995,0.882848328191445,0.881791509854362,0.0009977125667610738,407,1.4174944877624511,0.03944512224289072,0.044178009033203125,0.006106472448422351,"{'n_estimators': 346, 'max_depth': 5, 'learning_rate': np.float64(0.09098897140932591), 'subsample': np.float64(0.8902403754104223), 'colsample_bytree': np.float64(0.8467357408850122), 'min_child_weight': 1}"
587,5,0.06105450329101332,0.9099010106178466,0.9804188281798955,10,0.8090571138898276,0.8093178036605657,0.8057990559676331,0.8133111480865225,0.8024316109422492,0.8079833465093597,0.0036581994177238507,297,0.8631245308199182,0.8628270500710524,0.8611760775141998,0.8624926857811586,0.8624958179993308,0.862423232437132,0.0006663896661554655,461,2.346214008331299,0.1086015540600435,0.06943955421447753,0.012472090607217387,"{'n_estimators': 587, 'max_depth': 5, 'learning_rate': np.float64(0.06105450329101332), 'subsample': np.float64(0.9099010106178466), 'colsample_bytree': np.float64(0.9804188281798955), 'min_child_weight': 10}"
346,7,0.06105450329101332,0.9099010106178466,0.7380819985464547,1,0.8063858695652174,0.8163129973474801,0.8105726872246696,0.8083832335329342,0.8055367994598245,0.8094383174260251,0.0038522850690863625,4,0.9133167907361456,0.9162886597938145,0.9152095018145826,0.9140695666474796,0.914002478314746,0.9145773994613536,0.0010493358051783086,108,1.8059442520141602,0.045184706003403484,0.06992387771606445,0.007846419237944439,"{'n_estimators': 346, 'max_depth': 7, 'learning_rate': np.float64(0.06105450329101332), 'subsample': np.float64(0.9099010106178466), 'colsample_bytree': np.float64(0.7380819985464547), 'min_child_weight': 1}"
346,7,0.06105450329101332,0.9099010106178466,0.7380819985464547,1,0.8063858695652174,0.8163129973474801,0.8105726872246696,0.8083832335329342,0.8055367994598245,0.8094383174260251,0.0038522850690863625,4,0.9133167907361456,0.9162886597938145,0.9152095018145826,0.9140695666474796,0.914002478314746,0.9145773994613536,0.0010493358051783086,108,1.8059442520141602,0.045184706003403484,0.06992387771606445,0.007846419237944439,"{'n_estimators': 346, 'max_depth': 7, 'learning_rate': np.float64(0.06105450329101332), 'subsample': np.float64(0.9099010106178466), 'colsample_bytree': np.float64(0.7380819985464547), 'min_child_weight': 1}"
346,7,0.06105450329101332,0.9099010106178466,0.7380819985464547,1,0.8063858695652174,0.8163129973474801,0.8105726872246696,0.8083832335329342,0.8055367994598245,0.8094383174260251,0.0038522850690863625,4,0.9133167907361456,0.9162886597938145,0.9152095018145826,0.9140695666474796,0.914002478314746,0.9145773994613536,0.0010493358051783086,108,1.8059442520141602,0.045184706003403484,0.06992387771606445,0.007846419237944439,"{'n_estimators': 346, 'max_depth': 7, 'learning_rate': np.float64(0.06105450329101332), 'subsample': np.float64(0.9099010106178466), 'colsample_bytree': np.float64(0.7380819985464547), 'min_child_weight': 1}"
346,7,0.06105450329101332,0.9099010106178466,0.7380819985464547,1,0.8063858695652174,0.8163129973474801,0.8105726872246696,0.8083832335329342,0.8055367994598245,0.8094383174260251,0.0038522850690863625,4,0.9133167907361456,0.9162886597938145,0.9152095018145826,0.9140695666474796,0.914002478314746,0.9145773994613536,0.0010493358051783086,108,1.8059442520141602,0.045184706003403484,0.06992387771606445,0.007846419237944439,"{'n_estimators': 346, 'max_depth': 7, 'learning_rate': np.float64(0.06105450329101332), 'subsample': np.float64(0.9099010106178466), 'colsample_bytree': np.float64(0.7380819985464547), 'min_child_weight': 1}"
346,7,0.09024753366497625,0.9099010106178466,0.7380819985464547,1,0.805677593781683,0.8111842105263158,0.8020304568527918,0.8101851851851852,0.80548128342246,0.8069117459536871,0.003357549578192548,358,0.9512116316639742,0.953925603163076,0.9499838657631494,0.954966567308467,0.9505414578955875,0.9521258251588509,0.001961783690874562,40,1.837785005569458,0.06947243803773039,0.06718964576721191,0.010914920779163267,"{'n_estimators': 346, 'max_depth': 7, 'learning_rate': np.float64(0.09024753366497625), 'subsample': np.float64(0.9099010106178466), 'colsample_bytree': np.float64(0.7380819985464547), 'min_child_weight': 1}"
346,7,0.06105450329101332,0.9099010106178466,0.7380819985464547,1,0.8063858695652174,0.8163129973474801,0.8105726872246696,0.8083832335329342,0.8055367994598245,0.8094383174260251,0.0038522850690863625,4,0.9133167907361456,0.9162886597938145,0.9152095018145826,0.9140695666474796,0.914002478314746,0.9145773994613536,0.0010493358051783086,108,1.8059442520141602,0.045184706003403484,0.06992387771606445,0.007846419237944439,"{'n_estimators': 346, 'max_depth': 7, 'learning_rate': np.float64(0.06105450329101332), 'subsample': np.float64(0.9099010106178466), 'colsample_bytree': np.float64(0.7380819985464547), 'min_child_weight': 1}"
346,7,0.06105450329101332,0.9099010106178466,0.7380819985464547,1,0.8063858695652174,0.8163129973474801,0.8105726872246696,0.8083832335329342,0.8055367994598245,0.8094383174260251,0.0038522850690863625,4,0.9133167907361456,0.9162886597938145,0.9152095018145826,0.9140695666474796,0.914002478314746,0.9145773994613536,0.0010493358051783086,108,1.8059442520141602,0.045184706003403484,0.06992387771606445,0.007846419237944439,"{'n_estimators': 346, 'max_depth': 7, 'learning_rate': np.float64(0.06105450329101332), 'subsample': np.float64(0.9099010106178466), 'colsample_bytree': np.float64(0.7380819985464547), 'min_child_weight': 1}"
346,7,0.06105450329101332,0.9099010106178466,0.7380819985464547,1,0.8063858695652174,0.8163129973474801,0.8105726872246696,0.8083832335329342,0.8055367994598245,0.8094383174260251,0.0038522850690863625,4,0.9133167907361456,0.9162886597938145,0.9152095018145826,0.9140695666474796,0.914002478314746,0.9145773994613536,0.0010493358051783086,108,1.8059442520141602,0.045184706003403484,0.06992387771606445,0.007846419237944439,"{'n_estimators': 346, 'max_depth': 7, 'learning_rate': np.float64(0.06105450329101332), 'subsample': np.float64(0.9099010106178466), 'colsample_bytree': np.float64(0.7380819985464547), 'min_child_weight': 1}"
346,7,0.06105450329101332,0.9099010106178466,0.7380819985464547,1,0.8063858695652174,0.8163129973474801,0.8105726872246696,0.8083832335329342,0.8055367994598245,0.8094383174260251,0.0038522850690863625,4,0.9133167907361456,0.9162886597938145,0.9152095018145826,0.9140695666474796,0.914002478314746,0.9145773994613536,0.0010493358051783086,108,1.8059442520141602,0.045184706003403484,0.06992387771606445,0.007846419237944439,"{'n_estimators': 346, 'max_depth': 7, 'learning_rate': np.float64(0.06105450329101332), 'subsample': np.float64(0.9099010106178466), 'colsample_bytree': np.float64(0.7380819985464547), 'min_child_weight': 1}"
346,7,0.06105450329101332,0.9099010106178466,0.7380819985464547,1,0.8063858695652174,0.8163129973474801,0.8105726872246696,0.8083832335329342,0.8055367994598245,0.8094383174260251,0.0038522850690863625,4,0.9133167907361456,0.9162886597938145,0.9152095018145826,0.9140695666474796,0.914002478314746,0.9145773994613536,0.0010493358051783086,108,1.8059442520141602,0.045184706003403484,0.06992387771606445,0.007846419237944439,"{'n_estimators': 346, 'max_depth': 7, 'learning_rate': np.float64(0.06105450329101332), 'subsample': np.float64(0.9099010106178466), 'colsample_bytree': np.float64(0.7380819985464547), 'min_child_weight': 1}"
346,7,0.06105450329101332,0.9099010106178466,0.7380819985464547,1,0.8063858695652174,0.8163129973474801,0.8105726872246696,0.8083832335329342,0.8055367994598245,0.8094383174260251,0.0038522850690863625,4,0.9133167907361456,0.9162886597938145,0.9152095018145826,0.9140695666474796,0.914002478314746,0.9145773994613536,0.0010493358051783086,108,1.8059442520141602,0.045184706003403484,0.06992387771606445,0.007846419237944439,"{'n_estimators': 346, 'max_depth': 7, 'learning_rate': np.float64(0.06105450329101332), 'subsample': np.float64(0.9099010106178466), 'colsample_bytree': np.float64(0.7380819985464547), 'min_child_weight': 1}"
346,7,0.06105450329101332,0.9099010106178466,0.7380819985464547,1,0.8063858695652174,0.8163129973474801,0.8105726872246696,0.8083832335329342,0.8055367994598245,0.8094383174260251,0.0038522850690863625,4,0.9133167907361456,0.9162886597938145,0.9152095018145826,0.9140695666474796,0.914002478314746,0.9145773994613536,0.0010493358051783086,108,1.8059442520141602,0.045184706003403484,0.06992387771606445,0.007846419237944439,"{'n_estimators': 346, 'max_depth': 7, 'learning_rate': np.float64(0.06105450329101332), 'subsample': np.float64(0.9099010106178466), 'colsample_bytree': np.float64(0.7380819985464547), 'min_child_weight': 1}"
346,7,0.06105450329101332,0.9099010106178466,0.7380819985464547,1,0.8063858695652174,0.8163129973474801,0.8105726872246696,0.8083832335329342,0.8055367994598245,0.8094383174260251,0.0038522850690863625,4,0.9133167907361456,0.9162886597938145,0.9152095018145826,0.9140695666474796,0.914002478314746,0.9145773994613536,0.0010493358051783086,108,1.8059442520141602,0.045184706003403484,0.06992387771606445,0.007846419237944439,"{'n_estimators': 346, 'max_depth': 7, 'learning_rate': np.float64(0.06105450329101332), 'subsample': np.float64(0.9099010106178466), 'colsample_bytree': np.float64(0.7380819985464547), 'min_child_weight': 1}"
346,7,0.06105450329101332,0.9099010106178466,0.7380819985464547,1,0.8063858695652174,0.8163129973474801,0.8105726872246696,0.8083832335329342,0.8055367994598245,0.8094383174260251,0.0038522850690863625,4,0.9133167907361456,0.9162886597938145,0.9152095018145826,0.9140695666474796,0.914002478314746,0.9145773994613536,0.0010493358051783086,108,1.8059442520141602,0.045184706003403484,0.06992387771606445,0.007846419237944439,"{'n_estimators': 346, 'max_depth': 7, 'learning_rate': np.float64(0.06105450329101332), 'subsample': np.float64(0.9099010106178466), 'colsample_bytree': np.float64(0.7380819985464547), 'min_child_weight': 1}"
346,7,0.06105450329101332,0.9099010106178466,0.7380819985464547,1,0.8063858695652174,0.8163129973474801,0.8105726872246696,0.8083832335329342,0.8055367994598245,0.8094383174260251,0.0038522850690863625,4,0.9133167907361456,0.9162886597938145,0.9152095018145826,0.9140695666474796,0.914002478314746,0.9145773994613536,0.0010493358051783086,108,1.8059442520141602,0.045184706003403484,0.06992387771606445,0.007846419237944439,"{'n_estimators': 346, 'max_depth': 7, 'learning_rate': np.float64(0.06105450329101332), 'subsample': np.float64(0.9099010106178466), 'colsample_bytree': np.float64(0.7380819985464547), 'min_child_weight': 1}"
346,7,0.06105450329101332,0.9099010106178466,0.7380819985464547,1,0.8063858695652174,0.8163129973474801,0.8105726872246696,0.8083832335329342,0.8055367994598245,0.8094383174260251,0.0038522850690863625,4,0.9133167907361456,0.9162886597938145,0.9152095018145826,0.9140695666474796,0.914002478314746,0.9145773994613536,0.0010493358051783086,108,1.8059442520141602,0.045184706003403484,0.06992387771606445,0.007846419237944439,"{'n_estimators': 346, 'max_depth': 7, 'learning_rate': np.float64(0.06105450329101332), 'subsample': np.float64(0.9099010106178466), 'colsample_bytree': np.float64(0.7380819985464547), 'min_child_weight': 1}"
346,7,0.06105450329101332,0.9099010106178466,0.7380819985464547,1,0.8063858695652174,0.8163129973474801,0.8105726872246696,0.8083832335329342,0.8055367994598245,0.8094383174260251,0.0038522850690863625,4,0.9133167907361456,0.9162886597938145,0.9152095018145826,0.9140695666474796,0.914002478314746,0.9145773994613536,0.0010493358051783086,108,1.8059442520141602,0.045184706003403484,0.06992387771606445,0.007846419237944439,"{'n_estimators': 346, 'max_depth': 7, 'learning_rate': np.float64(0.06105450329101332), 'subsample': np.float64(0.9099010106178466), 'colsample_bytree': np.float64(0.7380819985464547), 'min_child_weight': 1}"
346,7,0.06105450329101332,0.9099010106178466,0.7380819985464547,1,0.8063858695652174,0.8163129973474801,0.8105726872246696,0.8083832335329342,0.8055367994598245,0.8094383174260251,0.0038522850690863625,4,0.9133167907361456,0.9162886597938145,0.9152095018145826,0.9140695666474796,0.914002478314746,0.9145773994613536,0.0010493358051783086,108,1.8059442520141602,0.045184706003403484,0.06992387771606445,0.007846419237944439,"{'n_estimators': 346, 'max_depth': 7, 'learning_rate': np.float64(0.06105450329101332), 'subsample': np.float64(0.9099010106178466), 'colsample_bytree': np.float64(0.7380819985464547), 'min_child_weight': 1}"
346,7,0.06105450329101332,0.9099010106178466,0.7380819985464547,1,0.8063858695652174,0.8163129973474801,0.8105726872246696,0.8083832335329342,0.8055367994598245,0.8094383174260251,0.0038522850690863625,4,0.9133167907361456,0.9162886597938145,0.9152095018145826,0.9140695666474796,0.914002478314746,0.9145773994613536,0.0010493358051783086,108,1.8059442520141602,0.045184706003403484,0.06992387771606445,0.007846419237944439,"{'n_estimators': 346, 'max_depth': 7, 'learning_rate': np.float64(0.06105450329101332), 'subsample': np.float64(0.9099010106178466), 'colsample_bytree': np.float64(0.7380819985464547), 'min_child_weight': 1}"
346,7,0.06105450329101332,0.9099010106178466,0.7380819985464547,1,0.8063858695652174,0.8163129973474801,0.8105726872246696,0.8083832335329342,0.8055367994598245,0.8094383174260251,0.0038522850690863625,4,0.9133167907361456,0.9162886597938145,0.9152095018145826,0.9140695666474796,0.914002478314746,0.9145773994613536,0.0010493358051783086,108,1.8059442520141602,0.045184706003403484,0.06992387771606445,0.007846419237944439,"{'n_estimators': 346, 'max_depth': 7, 'learning_rate': np.float64(0.06105450329101332), 'subsample': np.float64(0.9099010106178466), 'colsample_bytree': np.float64(0.7380819985464547), 'min_child_weight': 1}"
346,7,0.06105450329101332,0.9099010106178466,0.7380819985464547,1,0.8063858695652174,0.8163129973474801,0.8105726872246696,0.8083832335329342,0.8055367994598245,0.8094383174260251,0.0038522850690863625,4,0.9133167907361456,0.9162886597938145,0.9152095018145826,0.9140695666474796,0.914002478314746,0.9145773994613536,0.0010493358051783086,108,1.8059442520141602,0.045184706003403484,0.06992387771606445,0.007846419237944439,"{'n_estimators': 346, 'max_depth': 7, 'learning_rate': np.float64(0.06105450329101332), 'subsample': np.float64(0.9099010106178466), 'colsample_bytree': np.float64(0.7380819985464547), 'min_child_weight': 1}"
346,7,0.06105450329101332,0.9099010106178466,0.7380819985464547,1,0.8063858695652174,0.8163129973474801,0.8105726872246696,0.8083832335329342,0.8055367994598245,0.8094383174260251,0.0038522850690863625,4,0.9133167907361456,0.9162886597938145,0.9152095018145826,0.9140695666474796,0.914002478314746,0.9145773994613536,0.0010493358051783086,108,1.8059442520141602,0.045184706003403484,0.06992387771606445,0.007846419237944439,"{'n_estimators': 346, 'max_depth': 7, 'learning_rate': np.float64(0.06105450329101332), 'subsample': np.float64(0.9099010106178466), 'colsample_bytree': np.float64(0.7380819985464547), 'min_child_weight': 1}"
346,7,0.06105450329101332,0.9099010106178466,0.7380819985464547,1,0.8063858695652174,0.8163129973474801,0.8105726872246696,0.8083832335329342,0.8055367994598245,0.8094383174260251,0.0038522850690863625,4,0.9133167907361456,0.9162886597938145,0.9152095018145826,0.9140695666474796,0.914002478314746,0.9145773994613536,0.0010493358051783086,108,1.8059442520141602,0.045184706003403484,0.06992387771606445,0.007846419237944439,"{'n_estimators': 346, 'max_depth': 7, 'learning_rate': np.float64(0.06105450329101332), 'subsample': np.float64(0.9099010106178466), 'colsample_bytree': np.float64(0.7380819985464547), 'min_child_weight': 1}"
346,7,0.06105450329101332,0.9099010106178466,0.7380819985464547,1,0.8063858695652174,0.8163129973474801,0.8105726872246696,0.8083832335329342,0.8055367994598245,0.8094383174260251,0.0038522850690863625,4,0.9133167907361456,0.9162886597938145,0.9152095018145826,0.9140695666474796,0.914002478314746,0.9145773994613536,0.0010493358051783086,108,1.8059442520141602,0.045184706003403484,0.06992387771606445,0.007846419237944439,"{'n_estimators': 346, 'max_depth': 7, 'learning_rate': np.float64(0.06105450329101332), 'subsample': np.float64(0.9099010106178466), 'colsample_bytree': np.float64(0.7380819985464547), 'min_child_weight': 1}"
346,7,0.06105450329101332,0.701853713343793,0.7380819985464547,1,0.8031175872585564,0.8108825481088254,0.8062542488103331,0.8118548118548119,0.8016112789526687,0.806744094997039,0.0040739054767637475,375,0.9213206307490145,0.9218160957220127,0.9220800524934383,0.921586337137696,0.9209813735948141,0.9215568979393952,0.00038178300139799426,67,1.9163240909576416,0.06730582861124029,0.06394944190979004,0.005852132872473614,"{'n_estimators': 346, 'max_depth': 7, 'learning_rate': np.float64(0.06105450329101332), 'subsample': np.float64(0.701853713343793), 'colsample_bytree': np.float64(0.7380819985464547), 'min_child_weight': 1}"
346,7,0.06105450329101332,0.9099010106178466,0.7380819985464547,1,0.8063858695652174,0.8163129973474801,0.8105726872246696,0.8083832335329342,0.8055367994598245,0.8094383174260251,0.0038522850690863625,4,0.9133167907361456,0.9162886597938145,0.9152095018145826,0.9140695666474796,0.914002478314746,0.9145773994613536,0.0010493358051783086,108,1.8059442520141602,0.045184706003403484,0.06992387771606445,0.007846419237944439,"{'n_estimators': 346, 'max_depth': 7, 'learning_rate': np.float64(0.06105450329101332), 'subsample': np.float64(0.9099010106178466), 'colsample_bytree': np.float64(0.7380819985464547), 'min_child_weight': 1}"
346,7,0.06105450329101332,0.9099010106178466,0.7380819985464547,1,0.8063858695652174,0.8163129973474801,0.8105726872246696,0.8083832335329342,0.8055367994598245,0.8094383174260251,0.0038522850690863625,4,0.9133167907361456,0.9162886597938145,0.9152095018145826,0.9140695666474796,0.914002478314746,0.9145773994613536,0.0010493358051783086,108,1.8059442520141602,0.045184706003403484,0.06992387771606445,0.007846419237944439,"{'n_estimators': 346, 'max_depth': 7, 'learning_rate': np.float64(0.06105450329101332), 'subsample': np.float64(0.9099010106178466), 'colsample_bytree': np.float64(0.7380819985464547), 'min_child_weight': 1}"
346,7,0.06105450329101332,0.9099010106178466,0.7380819985464547,1,0.8063858695652174,0.8163129973474801,0.8105726872246696,0.8083832335329342,0.8055367994598245,0.8094383174260251,0.0038522850690863625,4,0.9133167907361456,0.9162886597938145,0.9152095018145826,0.9140695666474796,0.914002478314746,0.9145773994613536,0.0010493358051783086,108,1.8059442520141602,0.045184706003403484,0.06992387771606445,0.007846419237944439,"{'n_estimators': 346, 'max_depth': 7, 'learning_rate': np.float64(0.06105450329101332), 'subsample': np.float64(0.9099010106178466), 'colsample_bytree': np.float64(0.7380819985464547), 'min_child_weight': 1}"
346,7,0.06105450329101332,0.9099010106178466,0.7380819985464547,1,0.8063858695652174,0.8163129973474801,0.8105726872246696,0.8083832335329342,0.8055367994598245,0.8094383174260251,0.0038522850690863625,4,0.9133167907361456,0.9162886597938145,0.9152095018145826,0.9140695666474796,0.914002478314746,0.9145773994613536,0.0010493358051783086,108,1.8059442520141602,0.045184706003403484,0.06992387771606445,0.007846419237944439,"{'n_estimators': 346, 'max_depth': 7, 'learning_rate': np.float64(0.06105450329101332), 'subsample': np.float64(0.9099010106178466), 'colsample_bytree': np.float64(0.7380819985464547), 'min_child_weight': 1}"
346,7,0.06105450329101332,0.9099010106178466,0.7380819985464547,1,0.8063858695652174,0.8163129973474801,0.8105726872246696,0.8083832335329342,0.8055367994598245,0.8094383174260251,0.0038522850690863625,4,0.9133167907361456,0.9162886597938145,0.9152095018145826,0.9140695666474796,0.914002478314746,0.9145773994613536,0.0010493358051783086,108,1.8059442520141602,0.045184706003403484,0.06992387771606445,0.007846419237944439,"{'n_estimators': 346, 'max_depth': 7, 'learning_rate': np.float64(0.06105450329101332), 'subsample': np.float64(0.9099010106178466), 'colsample_bytree': np.float64(0.7380819985464547), 'min_child_weight': 1}"
346,7,0.06105450329101332,0.9099010106178466,0.7380819985464547,1,0.8063858695652174,0.8163129973474801,0.8105726872246696,0.8083832335329342,0.8055367994598245,0.8094383174260251,0.0038522850690863625,4,0.9133167907361456,0.9162886597938145,0.9152095018145826,0.9140695666474796,0.914002478314746,0.9145773994613536,0.0010493358051783086,108,1.8059442520141602,0.045184706003403484,0.06992387771606445,0.007846419237944439,"{'n_estimators': 346, 'max_depth': 7, 'learning_rate': np.float64(0.06105450329101332), 'subsample': np.float64(0.9099010106178466), 'colsample_bytree': np.float64(0.7380819985464547), 'min_child_weight': 1}"
346,7,0.06105450329101332,0.9099010106178466,0.7380819985464547,1,0.8063858695652174,0.8163129973474801,0.8105726872246696,0.8083832335329342,0.8055367994598245,0.8094383174260251,0.0038522850690863625,4,0.9133167907361456,0.9162886597938145,0.9152095018145826,0.9140695666474796,0.914002478314746,0.9145773994613536,0.0010493358051783086,108,1.8059442520141602,0.045184706003403484,0.06992387771606445,0.007846419237944439,"{'n_estimators': 346, 'max_depth': 7, 'learning_rate': np.float64(0.06105450329101332), 'subsample': np.float64(0.9099010106178466), 'colsample_bytree': np.float64(0.7380819985464547), 'min_child_weight': 1}"
346,7,0.06105450329101332,0.9099010106178466,0.7380819985464547,1,0.8063858695652174,0.8163129973474801,0.8105726872246696,0.8083832335329342,0.8055367994598245,0.8094383174260251,0.0038522850690863625,4,0.9133167907361456,0.9162886597938145,0.9152095018145826,0.9140695666474796,0.914002478314746,0.9145773994613536,0.0010493358051783086,108,1.8059442520141602,0.045184706003403484,0.06992387771606445,0.007846419237944439,"{'n_estimators': 346, 'max_depth': 7, 'learning_rate': np.float64(0.06105450329101332), 'subsample': np.float64(0.9099010106178466), 'colsample_bytree': np.float64(0.7380819985464547), 'min_child_weight': 1}"
346,7,0.06105450329101332,0.9099010106178466,0.7380819985464547,1,0.8063858695652174,0.8163129973474801,0.8105726872246696,0.8083832335329342,0.8055367994598245,0.8094383174260251,0.0038522850690863625,4,0.9133167907361456,0.9162886597938145,0.9152095018145826,0.9140695666474796,0.914002478314746,0.9145773994613536,0.0010493358051783086,108,1.8059442520141602,0.045184706003403484,0.06992387771606445,0.007846419237944439,"{'n_estimators': 346, 'max_depth': 7, 'learning_rate': np.float64(0.06105450329101332), 'subsample': np.float64(0.9099010106178466), 'colsample_bytree': np.float64(0.7380819985464547), 'min_child_weight': 1}"
346,7,0.06105450329101332,0.9099010106178466,0.7380819985464547,1,0.8063858695652174,0.8163129973474801,0.8105726872246696,0.8083832335329342,0.8055367994598245,0.8094383174260251,0.0038522850690863625,4,0.9133167907361456,0.9162886597938145,0.9152095018145826,0.9140695666474796,0.914002478314746,0.9145773994613536,0.0010493358051783086,108,1.8059442520141602,0.045184706003403484,0.06992387771606445,0.007846419237944439,"{'n_estimators': 346, 'max_depth': 7, 'learning_rate': np.float64(0.06105450329101332), 'subsample': np.float64(0.9099010106178466), 'colsample_bytree': np.float64(0.7380819985464547), 'min_child_weight': 1}"
346,7,0.06105450329101332,0.9099010106178466,0.7380819985464547,1,0.8063858695652174,0.8163129973474801,0.8105726872246696,0.8083832335329342,0.8055367994598245,0.8094383174260251,0.0038522850690863625,4,0.9133167907361456,0.9162886597938145,0.9152095018145826,0.9140695666474796,0.914002478314746,0.9145773994613536,0.0010493358051783086,108,1.8059442520141602,0.045184706003403484,0.06992387771606445,0.007846419237944439,"{'n_estimators': 346, 'max_depth': 7, 'learning_rate': np.float64(0.06105450329101332), 'subsample': np.float64(0.9099010106178466), 'colsample_bytree': np.float64(0.7380819985464547), 'min_child_weight': 1}"
346,7,0.09789903811675706,0.9099010106178466,0.7380819985464547,1,0.8101180438448566,0.8155981493721084,0.8021534320323015,0.8109174613613943,0.8033444816053512,0.8084263136432025,0.0050135228396161495,249,0.9609494026140646,0.9608803919993574,0.9620232838217583,0.9610139579656666,0.9588513676104917,0.9607436808022678,0.0010346298143367437,34,1.8477781295776368,0.10254932637350651,0.060141801834106445,0.006128438735438931,"{'n_estimators': 346, 'max_depth': 7, 'learning_rate': np.float64(0.09789903811675706), 'subsample': np.float64(0.9099010106178466), 'colsample_bytree': np.float64(0.7380819985464547), 'min_child_weight': 1}"
346,7,0.06105450329101332,0.9099010106178466,0.7380819985464547,1,0.8063858695652174,0.8163129973474801,0.8105726872246696,0.8083832335329342,0.8055367994598245,0.8094383174260251,0.0038522850690863625,4,0.9133167907361456,0.9162886597938145,0.9152095018145826,0.9140695666474796,0.914002478314746,0.9145773994613536,0.0010493358051783086,108,1.8059442520141602,0.045184706003403484,0.06992387771606445,0.007846419237944439,"{'n_estimators': 346, 'max_depth': 7, 'learning_rate': np.float64(0.06105450329101332), 'subsample': np.float64(0.9099010106178466), 'colsample_bytree': np.float64(0.7380819985464547), 'min_child_weight': 1}"
346,7,0.06105450329101332,0.9099010106178466,0.7380819985464547,1,0.8063858695652174,0.8163129973474801,0.8105726872246696,0.8083832335329342,0.8055367994598245,0.8094383174260251,0.0038522850690863625,4,0.9133167907361456,0.9162886597938145,0.9152095018145826,0.9140695666474796,0.914002478314746,0.9145773994613536,0.0010493358051783086,108,1.8059442520141602,0.045184706003403484,0.06992387771606445,0.007846419237944439,"{'n_estimators': 346, 'max_depth': 7, 'learning_rate': np.float64(0.06105450329101332), 'subsample': np.float64(0.9099010106178466), 'colsample_bytree': np.float64(0.7380819985464547), 'min_child_weight': 1}"
346,7,0.06105450329101332,0.9099010106178466,0.7380819985464547,1,0.8063858695652174,0.8163129973474801,0.8105726872246696,0.8083832335329342,0.8055367994598245,0.8094383174260251,0.0038522850690863625,4,0.9133167907361456,0.9162886597938145,0.9152095018145826,0.9140695666474796,0.914002478314746,0.9145773994613536,0.0010493358051783086,108,1.8059442520141602,0.045184706003403484,0.06992387771606445,0.007846419237944439,"{'n_estimators': 346, 'max_depth': 7, 'learning_rate': np.float64(0.06105450329101332), 'subsample': np.float64(0.9099010106178466), 'colsample_bytree': np.float64(0.7380819985464547), 'min_child_weight': 1}"
346,7,0.06105450329101332,0.9099010106178466,0.7380819985464547,1,0.8063858695652174,0.8163129973474801,0.8105726872246696,0.8083832335329342,0.8055367994598245,0.8094383174260251,0.0038522850690863625,4,0.9133167907361456,0.9162886597938145,0.9152095018145826,0.9140695666474796,0.914002478314746,0.9145773994613536,0.0010493358051783086,108,1.8059442520141602,0.045184706003403484,0.06992387771606445,0.007846419237944439,"{'n_estimators': 346, 'max_depth': 7, 'learning_rate': np.float64(0.06105450329101332), 'subsample': np.float64(0.9099010106178466), 'colsample_bytree': np.float64(0.7380819985464547), 'min_child_weight': 1}"
346,7,0.06105450329101332,0.9099010106178466,0.7380819985464547,1,0.8063858695652174,0.8163129973474801,0.8105726872246696,0.8083832335329342,0.8055367994598245,0.8094383174260251,0.0038522850690863625,4,0.9133167907361456,0.9162886597938145,0.9152095018145826,0.9140695666474796,0.914002478314746,0.9145773994613536,0.0010493358051783086,108,1.8059442520141602,0.045184706003403484,0.06992387771606445,0.007846419237944439,"{'n_estimators': 346, 'max_depth': 7, 'learning_rate': np.float64(0.06105450329101332), 'subsample': np.float64(0.9099010106178466), 'colsample_bytree': np.float64(0.7380819985464547), 'min_child_weight': 1}"
346,7,0.06105450329101332,0.8524742229161482,0.7380819985464547,1,0.8046054859464951,0.8079338842975207,0.8047217537942665,0.8080133555926544,0.8004039044092898,0.8051356768080453,0.002791168392848315,470,0.9178600823045268,0.9217748562037797,0.9177980745494939,0.920183938249302,0.9174553534688503,0.9190144609551906,0.0016870365248512044,90,1.8455313205718995,0.06005384652085029,0.07266097068786621,0.01566157451956718,"{'n_estimators': 346, 'max_depth': 7, 'learning_rate': np.float64(0.06105450329101332), 'subsample': np.float64(0.8524742229161482), 'colsample_bytree': np.float64(0.7380819985464547), 'min_child_weight': 1}"
346,7,0.06105450329101332,0.9099010106178466,0.7380819985464547,1,0.8063858695652174,0.8163129973474801,0.8105726872246696,0.8083832335329342,0.8055367994598245,0.8094383174260251,0.0038522850690863625,4,0.9133167907361456,0.9162886597938145,0.9152095018145826,0.9140695666474796,0.914002478314746,0.9145773994613536,0.0010493358051783086,108,1.8059442520141602,0.045184706003403484,0.06992387771606445,0.007846419237944439,"{'n_estimators': 346, 'max_depth': 7, 'learning_rate': np.float64(0.06105450329101332), 'subsample': np.float64(0.9099010106178466), 'colsample_bytree': np.float64(0.7380819985464547), 'min_child_weight': 1}"
615,7,0.06105450329101332,0.9099010106178466,0.7380819985464547,1,0.8063002680965148,0.8094924192485168,0.8077053058465697,0.8121292023731048,0.8066889632107024,0.8084632317550817,0.0021400682142165826,246,0.9690046333280077,0.970635173954676,0.9702875399361023,0.9704028719585162,0.9704520044721291,0.9701564447298863,0.0005867059006867048,18,3.182897138595581,0.07992094415538654,0.10969810485839844,0.020031296398036837,"{'n_estimators': 615, 'max_depth': 7, 'learning_rate': np.float64(0.06105450329101332), 'subsample': np.float64(0.9099010106178466), 'colsample_bytree': np.float64(0.7380819985464547), 'min_child_weight': 1}"
346,7,0.06105450329101332,0.9099010106178466,0.7380819985464547,1,0.8063858695652174,0.8163129973474801,0.8105726872246696,0.8083832335329342,0.8055367994598245,0.8094383174260251,0.0038522850690863625,4,0.9133167907361456,0.9162886597938145,0.9152095018145826,0.9140695666474796,0.914002478314746,0.9145773994613536,0.0010493358051783086,108,1.8059442520141602,0.045184706003403484,0.06992387771606445,0.007846419237944439,"{'n_estimators': 346, 'max_depth': 7, 'learning_rate': np.float64(0.06105450329101332), 'subsample': np.float64(0.9099010106178466), 'colsample_bytree': np.float64(0.7380819985464547), 'min_child_weight': 1}"
346,7,0.06105450329101332,0.9099010106178466,0.7380819985464547,1,0.8063858695652174,0.8163129973474801,0.8105726872246696,0.8083832335329342,0.8055367994598245,0.8094383174260251,0.0038522850690863625,4,0.9133167907361456,0.9162886597938145,0.9152095018145826,0.9140695666474796,0.914002478314746,0.9145773994613536,0.0010493358051783086,108,1.8059442520141602,0.045184706003403484,0.06992387771606445,0.007846419237944439,"{'n_estimators': 346, 'max_depth': 7, 'learning_rate': np.float64(0.06105450329101332), 'subsample': np.float64(0.9099010106178466), 'colsample_bytree': np.float64(0.7380819985464547), 'min_child_weight': 1}"
346,7,0.06105450329101332,0.9099010106178466,0.7380819985464547,1,0.8063858695652174,0.8163129973474801,0.8105726872246696,0.8083832335329342,0.8055367994598245,0.8094383174260251,0.0038522850690863625,4,0.9133167907361456,0.9162886597938145,0.9152095018145826,0.9140695666474796,0.914002478314746,0.9145773994613536,0.0010493358051783086,108,1.8059442520141602,0.045184706003403484,0.06992387771606445,0.007846419237944439,"{'n_estimators': 346, 'max_depth': 7, 'learning_rate': np.float64(0.06105450329101332), 'subsample': np.float64(0.9099010106178466), 'colsample_bytree': np.float64(0.7380819985464547), 'min_child_weight': 1}"
346,7,0.06105450329101332,0.9099010106178466,0.7380819985464547,1,0.8063858695652174,0.8163129973474801,0.8105726872246696,0.8083832335329342,0.8055367994598245,0.8094383174260251,0.0038522850690863625,4,0.9133167907361456,0.9162886597938145,0.9152095018145826,0.9140695666474796,0.914002478314746,0.9145773994613536,0.0010493358051783086,108,1.8059442520141602,0.045184706003403484,0.06992387771606445,0.007846419237944439,"{'n_estimators': 346, 'max_depth': 7, 'learning_rate': np.float64(0.06105450329101332), 'subsample': np.float64(0.9099010106178466), 'colsample_bytree': np.float64(0.7380819985464547), 'min_child_weight': 1}"
346,7,0.06105450329101332,0.9099010106178466,0.7380819985464547,1,0.8063858695652174,0.8163129973474801,0.8105726872246696,0.8083832335329342,0.8055367994598245,0.8094383174260251,0.0038522850690863625,4,0.9133167907361456,0.9162886597938145,0.9152095018145826,0.9140695666474796,0.914002478314746,0.9145773994613536,0.0010493358051783086,108,1.8059442520141602,0.045184706003403484,0.06992387771606445,0.007846419237944439,"{'n_estimators': 346, 'max_depth': 7, 'learning_rate': np.float64(0.06105450329101332), 'subsample': np.float64(0.9099010106178466), 'colsample_bytree': np.float64(0.7380819985464547), 'min_child_weight': 1}"
346,7,0.06105450329101332,0.9099010106178466,0.7380819985464547,1,0.8063858695652174,0.8163129973474801,0.8105726872246696,0.8083832335329342,0.8055367994598245,0.8094383174260251,0.0038522850690863625,4,0.9133167907361456,0.9162886597938145,0.9152095018145826,0.9140695666474796,0.914002478314746,0.9145773994613536,0.0010493358051783086,108,1.8059442520141602,0.045184706003403484,0.06992387771606445,0.007846419237944439,"{'n_estimators': 346, 'max_depth': 7, 'learning_rate': np.float64(0.06105450329101332), 'subsample': np.float64(0.9099010106178466), 'colsample_bytree': np.float64(0.7380819985464547), 'min_child_weight': 1}"
346,7,0.06105450329101332,0.9099010106178466,0.7380819985464547,1,0.8063858695652174,0.8163129973474801,0.8105726872246696,0.8083832335329342,0.8055367994598245,0.8094383174260251,0.0038522850690863625,4,0.9133167907361456,0.9162886597938145,0.9152095018145826,0.9140695666474796,0.914002478314746,0.9145773994613536,0.0010493358051783086,108,1.8059442520141602,0.045184706003403484,0.06992387771606445,0.007846419237944439,"{'n_estimators': 346, 'max_depth': 7, 'learning_rate': np.float64(0.06105450329101332), 'subsample': np.float64(0.9099010106178466), 'colsample_bytree': np.float64(0.7380819985464547), 'min_child_weight': 1}"
346,7,0.06105450329101332,0.9099010106178466,0.7380819985464547,1,0.8063858695652174,0.8163129973474801,0.8105726872246696,0.8083832335329342,0.8055367994598245,0.8094383174260251,0.0038522850690863625,4,0.9133167907361456,0.9162886597938145,0.9152095018145826,0.9140695666474796,0.914002478314746,0.9145773994613536,0.0010493358051783086,108,1.8059442520141602,0.045184706003403484,0.06992387771606445,0.007846419237944439,"{'n_estimators': 346, 'max_depth': 7, 'learning_rate': np.float64(0.06105450329101332), 'subsample': np.float64(0.9099010106178466), 'colsample_bytree': np.float64(0.7380819985464547), 'min_child_weight': 1}"
346,7,0.06105450329101332,0.9099010106178466,0.8778873662878425,1,0.8025693035835023,0.8114399733954107,0.8074450084602369,0.8117099135063207,0.8039017827110663,0.8074131963313074,0.0037542255281813783,336,0.9185941229730842,0.922824302134647,0.9208018402891883,0.9194343965800723,0.9176819229502798,0.9198673169854544,0.0018000825057355094,76,1.9069599628448486,0.12131796503640767,0.08261256217956543,0.004786174188965432,"{'n_estimators': 346, 'max_depth': 7, 'learning_rate': np.float64(0.06105450329101332), 'subsample': np.float64(0.9099010106178466), 'colsample_bytree': np.float64(0.8778873662878425), 'min_child_weight': 1}"
346,7,0.06105450329101332,0.9099010106178466,0.7380819985464547,1,0.8063858695652174,0.8163129973474801,0.8105726872246696,0.8083832335329342,0.8055367994598245,0.8094383174260251,0.0038522850690863625,4,0.9133167907361456,0.9162886597938145,0.9152095018145826,0.9140695666474796,0.914002478314746,0.9145773994613536,0.0010493358051783086,108,1.8059442520141602,0.045184706003403484,0.06992387771606445,0.007846419237944439,"{'n_estimators': 346, 'max_depth': 7, 'learning_rate': np.float64(0.06105450329101332), 'subsample': np.float64(0.9099010106178466), 'colsample_bytree': np.float64(0.7380819985464547), 'min_child_weight': 1}"
346,7,0.06105450329101332,0.9099010106178466,0.7380819985464547,1,0.8063858695652174,0.8163129973474801,0.8105726872246696,0.8083832335329342,0.8055367994598245,0.8094383174260251,0.0038522850690863625,4,0.9133167907361456,0.9162886597938145,0.9152095018145826,0.9140695666474796,0.914002478314746,0.9145773994613536,0.0010493358051783086,108,1.8059442520141602,0.045184706003403484,0.06992387771606445,0.007846419237944439,"{'n_estimators': 346, 'max_depth': 7, 'learning_rate': np.float64(0.06105450329101332), 'subsample': np.float64(0.9099010106178466), 'colsample_bytree': np.float64(0.7380819985464547), 'min_child_weight': 1}"
346,7,0.06105450329101332,0.9099010106178466,0.7380819985464547,1,0.8063858695652174,0.8163129973474801,0.8105726872246696,0.8083832335329342,0.8055367994598245,0.8094383174260251,0.0038522850690863625,4,0.9133167907361456,0.9162886597938145,0.9152095018145826,0.9140695666474796,0.914002478314746,0.9145773994613536,0.0010493358051783086,108,1.8059442520141602,0.045184706003403484,0.06992387771606445,0.007846419237944439,"{'n_estimators': 346, 'max_depth': 7, 'learning_rate': np.float64(0.06105450329101332), 'subsample': np.float64(0.9099010106178466), 'colsample_bytree': np.float64(0.7380819985464547), 'min_child_weight': 1}"
346,7,0.06105450329101332,0.9099010106178466,0.7380819985464547,1,0.8063858695652174,0.8163129973474801,0.8105726872246696,0.8083832335329342,0.8055367994598245,0.8094383174260251,0.0038522850690863625,4,0.9133167907361456,0.9162886597938145,0.9152095018145826,0.9140695666474796,0.914002478314746,0.9145773994613536,0.0010493358051783086,108,1.8059442520141602,0.045184706003403484,0.06992387771606445,0.007846419237944439,"{'n_estimators': 346, 'max_depth': 7, 'learning_rate': np.float64(0.06105450329101332), 'subsample': np.float64(0.9099010106178466), 'colsample_bytree': np.float64(0.7380819985464547), 'min_child_weight': 1}"
346,7,0.06105450329101332,0.9099010106178466,0.7380819985464547,1,0.8063858695652174,0.8163129973474801,0.8105726872246696,0.8083832335329342,0.8055367994598245,0.8094383174260251,0.0038522850690863625,4,0.9133167907361456,0.9162886597938145,0.9152095018145826,0.9140695666474796,0.914002478314746,0.9145773994613536,0.0010493358051783086,108,1.8059442520141602,0.045184706003403484,0.06992387771606445,0.007846419237944439,"{'n_estimators': 346, 'max_depth': 7, 'learning_rate': np.float64(0.06105450329101332), 'subsample': np.float64(0.9099010106178466), 'colsample_bytree': np.float64(0.7380819985464547), 'min_child_weight': 1}"
346,7,0.06105450329101332,0.9099010106178466,0.7380819985464547,1,0.8063858695652174,0.8163129973474801,0.8105726872246696,0.8083832335329342,0.8055367994598245,0.8094383174260251,0.0038522850690863625,4,0.9133167907361456,0.9162886597938145,0.9152095018145826,0.9140695666474796,0.914002478314746,0.9145773994613536,0.0010493358051783086,108,1.8059442520141602,0.045184706003403484,0.06992387771606445,0.007846419237944439,"{'n_estimators': 346, 'max_depth': 7, 'learning_rate': np.float64(0.06105450329101332), 'subsample': np.float64(0.9099010106178466), 'colsample_bytree': np.float64(0.7380819985464547), 'min_child_weight': 1}"
346,7,0.06105450329101332,0.9099010106178466,0.874216834296643,1,0.8025693035835023,0.8114399733954107,0.8074450084602369,0.8117099135063207,0.8039017827110663,0.8074131963313074,0.0037542255281813783,336,0.9185941229730842,0.922824302134647,0.9208018402891883,0.9194343965800723,0.9176819229502798,0.9198673169854544,0.0018000825057355094,76,1.8606883525848388,0.0827479122271577,0.07152328491210938,0.009661803253864617,"{'n_estimators': 346, 'max_depth': 7, 'learning_rate': np.float64(0.06105450329101332), 'subsample': np.float64(0.9099010106178466), 'colsample_bytree': np.float64(0.874216834296643), 'min_child_weight': 1}"
346,7,0.18388990051168644,0.9099010106178466,0.7380819985464547,1,0.8062792251169004,0.7992113046335853,0.802149815250252,0.804862023653088,0.7958776595744681,0.8016760056456589,0.0037751928169484257,526,0.9969466844124325,0.9978871586196103,0.9970247416222988,0.9966319417247591,0.9960808904216962,0.9969142833601594,0.000588896886606767,2,1.8490556716918944,0.028885041729299222,0.06433777809143067,0.015838819253900373,"{'n_estimators': 346, 'max_depth': 7, 'learning_rate': np.float64(0.18388990051168644), 'subsample': np.float64(0.9099010106178466), 'colsample_bytree': np.float64(0.7380819985464547), 'min_child_weight': 1}"
346,7,0.06105450329101332,0.9099010106178466,0.7380819985464547,1,0.8063858695652174,0.8163129973474801,0.8105726872246696,0.8083832335329342,0.8055367994598245,0.8094383174260251,0.0038522850690863625,4,0.9133167907361456,0.9162886597938145,0.9152095018145826,0.9140695666474796,0.914002478314746,0.9145773994613536,0.0010493358051783086,108,1.8059442520141602,0.045184706003403484,0.06992387771606445,0.007846419237944439,"{'n_estimators': 346, 'max_depth': 7, 'learning_rate': np.float64(0.06105450329101332), 'subsample': np.float64(0.9099010106178466), 'colsample_bytree': np.float64(0.7380819985464547), 'min_child_weight': 1}"
346,7,0.06105450329101332,0.9099010106178466,0.7380819985464547,1,0.8063858695652174,0.8163129973474801,0.8105726872246696,0.8083832335329342,0.8055367994598245,0.8094383174260251,0.0038522850690863625,4,0.9133167907361456,0.9162886597938145,0.9152095018145826,0.9140695666474796,0.914002478314746,0.9145773994613536,0.0010493358051783086,108,1.8059442520141602,0.045184706003403484,0.06992387771606445,0.007846419237944439,"{'n_estimators': 346, 'max_depth': 7, 'learning_rate': np.float64(0.06105450329101332), 'subsample': np.float64(0.9099010106178466), 'colsample_bytree': np.float64(0.7380819985464547), 'min_child_weight': 1}"
346,7,0.06105450329101332,0.9099010106178466,0.7380819985464547,1,0.8063858695652174,0.8163129973474801,0.8105726872246696,0.8083832335329342,0.8055367994598245,0.8094383174260251,0.0038522850690863625,4,0.9133167907361456,0.9162886597938145,0.9152095018145826,0.9140695666474796,0.914002478314746,0.9145773994613536,0.0010493358051783086,108,1.8059442520141602,0.045184706003403484,0.06992387771606445,0.007846419237944439,"{'n_estimators': 346, 'max_depth': 7, 'learning_rate': np.float64(0.06105450329101332), 'subsample': np.float64(0.9099010106178466), 'colsample_bytree': np.float64(0.7380819985464547), 'min_child_weight': 1}"
346,7,0.06105450329101332,0.9099010106178466,0.7380819985464547,1,0.8063858695652174,0.8163129973474801,0.8105726872246696,0.8083832335329342,0.8055367994598245,0.8094383174260251,0.0038522850690863625,4,0.9133167907361456,0.9162886597938145,0.9152095018145826,0.9140695666474796,0.914002478314746,0.9145773994613536,0.0010493358051783086,108,1.8059442520141602,0.045184706003403484,0.06992387771606445,0.007846419237944439,"{'n_estimators': 346, 'max_depth': 7, 'learning_rate': np.float64(0.06105450329101332), 'subsample': np.float64(0.9099010106178466), 'colsample_bytree': np.float64(0.7380819985464547), 'min_child_weight': 1}"
346,7,0.06105450329101332,0.9099010106178466,0.7380819985464547,1,0.8063858695652174,0.8163129973474801,0.8105726872246696,0.8083832335329342,0.8055367994598245,0.8094383174260251,0.0038522850690863625,4,0.9133167907361456,0.9162886597938145,0.9152095018145826,0.9140695666474796,0.914002478314746,0.9145773994613536,0.0010493358051783086,108,1.8059442520141602,0.045184706003403484,0.06992387771606445,0.007846419237944439,"{'n_estimators': 346, 'max_depth': 7, 'learning_rate': np.float64(0.06105450329101332), 'subsample': np.float64(0.9099010106178466), 'colsample_bytree': np.float64(0.7380819985464547), 'min_child_weight': 1}"
346,7,0.06105450329101332,0.9099010106178466,0.7380819985464547,1,0.8063858695652174,0.8163129973474801,0.8105726872246696,0.8083832335329342,0.8055367994598245,0.8094383174260251,0.0038522850690863625,4,0.9133167907361456,0.9162886597938145,0.9152095018145826,0.9140695666474796,0.914002478314746,0.9145773994613536,0.0010493358051783086,108,1.8059442520141602,0.045184706003403484,0.06992387771606445,0.007846419237944439,"{'n_estimators': 346, 'max_depth': 7, 'learning_rate': np.float64(0.06105450329101332), 'subsample': np.float64(0.9099010106178466), 'colsample_bytree': np.float64(0.7380819985464547), 'min_child_weight': 1}"
346,7,0.06105450329101332,0.9099010106178466,0.7380819985464547,1,0.8063858695652174,0.8163129973474801,0.8105726872246696,0.8083832335329342,0.8055367994598245,0.8094383174260251,0.0038522850690863625,4,0.9133167907361456,0.9162886597938145,0.9152095018145826,0.9140695666474796,0.914002478314746,0.9145773994613536,0.0010493358051783086,108,1.8059442520141602,0.045184706003403484,0.06992387771606445,0.007846419237944439,"{'n_estimators': 346, 'max_depth': 7, 'learning_rate': np.float64(0.06105450329101332), 'subsample': np.float64(0.9099010106178466), 'colsample_bytree': np.float64(0.7380819985464547), 'min_child_weight': 1}"
346,7,0.06105450329101332,0.9099010106178466,0.7380819985464547,1,0.8063858695652174,0.8163129973474801,0.8105726872246696,0.8083832335329342,0.8055367994598245,0.8094383174260251,0.0038522850690863625,4,0.9133167907361456,0.9162886597938145,0.9152095018145826,0.9140695666474796,0.914002478314746,0.9145773994613536,0.0010493358051783086,108,1.8059442520141602,0.045184706003403484,0.06992387771606445,0.007846419237944439,"{'n_estimators': 346, 'max_depth': 7, 'learning_rate': np.float64(0.06105450329101332), 'subsample': np.float64(0.9099010106178466), 'colsample_bytree': np.float64(0.7380819985464547), 'min_child_weight': 1}"
346,7,0.06105450329101332,0.9099010106178466,0.7380819985464547,1,0.8063858695652174,0.8163129973474801,0.8105726872246696,0.8083832335329342,0.8055367994598245,0.8094383174260251,0.0038522850690863625,4,0.9133167907361456,0.9162886597938145,0.9152095018145826,0.9140695666474796,0.914002478314746,0.9145773994613536,0.0010493358051783086,108,1.8059442520141602,0.045184706003403484,0.06992387771606445,0.007846419237944439,"{'n_estimators': 346, 'max_depth': 7, 'learning_rate': np.float64(0.06105450329101332), 'subsample': np.float64(0.9099010106178466), 'colsample_bytree': np.float64(0.7380819985464547), 'min_child_weight': 1}"
346,7,0.06105450329101332,0.9099010106178466,0.7380819985464547,1,0.8063858695652174,0.8163129973474801,0.8105726872246696,0.8083832335329342,0.8055367994598245,0.8094383174260251,0.0038522850690863625,4,0.9133167907361456,0.9162886597938145,0.9152095018145826,0.9140695666474796,0.914002478314746,0.9145773994613536,0.0010493358051783086,108,1.8059442520141602,0.045184706003403484,0.06992387771606445,0.007846419237944439,"{'n_estimators': 346, 'max_depth': 7, 'learning_rate': np.float64(0.06105450329101332), 'subsample': np.float64(0.9099010106178466), 'colsample_bytree': np.float64(0.7380819985464547), 'min_child_weight': 1}"
346,7,0.06105450329101332,0.9099010106178466,0.7380819985464547,1,0.8063858695652174,0.8163129973474801,0.8105726872246696,0.8083832335329342,0.8055367994598245,0.8094383174260251,0.0038522850690863625,4,0.9133167907361456,0.9162886597938145,0.9152095018145826,0.9140695666474796,0.914002478314746,0.9145773994613536,0.0010493358051783086,108,1.8059442520141602,0.045184706003403484,0.06992387771606445,0.007846419237944439,"{'n_estimators': 346, 'max_depth': 7, 'learning_rate': np.float64(0.06105450329101332), 'subsample': np.float64(0.9099010106178466), 'colsample_bytree': np.float64(0.7380819985464547), 'min_child_weight': 1}"
346,7,0.06105450329101332,0.9099010106178466,0.7332647780610448,1,0.8063858695652174,0.8163129973474801,0.8105726872246696,0.8083832335329342,0.8055367994598245,0.8094383174260251,0.0038522850690863625,4,0.9133167907361456,0.9162886597938145,0.9152095018145826,0.9140695666474796,0.914002478314746,0.9145773994613536,0.0010493358051783086,108,1.835656499862671,0.10665989494365498,0.05824160575866699,0.004976614958677409,"{'n_estimators': 346, 'max_depth': 7, 'learning_rate': np.float64(0.06105450329101332), 'subsample': np.float64(0.9099010106178466), 'colsample_bytree': np.float64(0.7332647780610448), 'min_child_weight': 1}"
346,7,0.06105450329101332,0.9099010106178466,0.7380819985464547,1,0.8063858695652174,0.8163129973474801,0.8105726872246696,0.8083832335329342,0.8055367994598245,0.8094383174260251,0.0038522850690863625,4,0.9133167907361456,0.9162886597938145,0.9152095018145826,0.9140695666474796,0.914002478314746,0.9145773994613536,0.0010493358051783086,108,1.8059442520141602,0.045184706003403484,0.06992387771606445,0.007846419237944439,"{'n_estimators': 346, 'max_depth': 7, 'learning_rate': np.float64(0.06105450329101332), 'subsample': np.float64(0.9099010106178466), 'colsample_bytree': np.float64(0.7380819985464547), 'min_child_weight': 1}"
346,7,0.06105450329101332,0.9099010106178466,0.7380819985464547,1,0.8063858695652174,0.8163129973474801,0.8105726872246696,0.8083832335329342,0.8055367994598245,0.8094383174260251,0.0038522850690863625,4,0.9133167907361456,0.9162886597938145,0.9152095018145826,0.9140695666474796,0.914002478314746,0.9145773994613536,0.0010493358051783086,108,1.8059442520141602,0.045184706003403484,0.06992387771606445,0.007846419237944439,"{'n_estimators': 346, 'max_depth': 7, 'learning_rate': np.float64(0.06105450329101332), 'subsample': np.float64(0.9099010106178466), 'colsample_bytree': np.float64(0.7380819985464547), 'min_child_weight': 1}"
346,7,0.06105450329101332,0.9099010106178466,0.7380819985464547,1,0.8063858695652174,0.8163129973474801,0.8105726872246696,0.8083832335329342,0.8055367994598245,0.8094383174260251,0.0038522850690863625,4,0.9133167907361456,0.9162886597938145,0.9152095018145826,0.9140695666474796,0.914002478314746,0.9145773994613536,0.0010493358051783086,108,1.8059442520141602,0.045184706003403484,0.06992387771606445,0.007846419237944439,"{'n_estimators': 346, 'max_depth': 7, 'learning_rate': np.float64(0.06105450329101332), 'subsample': np.float64(0.9099010106178466), 'colsample_bytree': np.float64(0.7380819985464547), 'min_child_weight': 1}"
346,7,0.06105450329101332,0.9099010106178466,0.7380819985464547,1,0.8063858695652174,0.8163129973474801,0.8105726872246696,0.8083832335329342,0.8055367994598245,0.8094383174260251,0.0038522850690863625,4,0.9133167907361456,0.9162886597938145,0.9152095018145826,0.9140695666474796,0.914002478314746,0.9145773994613536,0.0010493358051783086,108,1.8059442520141602,0.045184706003403484,0.06992387771606445,0.007846419237944439,"{'n_estimators': 346, 'max_depth': 7, 'learning_rate': np.float64(0.06105450329101332), 'subsample': np.float64(0.9099010106178466), 'colsample_bytree': np.float64(0.7380819985464547), 'min_child_weight': 1}"
346,7,0.06105450329101332,0.9099010106178466,0.7380819985464547,1,0.8063858695652174,0.8163129973474801,0.8105726872246696,0.8083832335329342,0.8055367994598245,0.8094383174260251,0.0038522850690863625,4,0.9133167907361456,0.9162886597938145,0.9152095018145826,0.9140695666474796,0.914002478314746,0.9145773994613536,0.0010493358051783086,108,1.8059442520141602,0.045184706003403484,0.06992387771606445,0.007846419237944439,"{'n_estimators': 346, 'max_depth': 7, 'learning_rate': np.float64(0.06105450329101332), 'subsample': np.float64(0.9099010106178466), 'colsample_bytree': np.float64(0.7380819985464547), 'min_child_weight': 1}"
346,7,0.06105450329101332,0.9099010106178466,0.7380819985464547,1,0.8063858695652174,0.8163129973474801,0.8105726872246696,0.8083832335329342,0.8055367994598245,0.8094383174260251,0.0038522850690863625,4,0.9133167907361456,0.9162886597938145,0.9152095018145826,0.9140695666474796,0.914002478314746,0.9145773994613536,0.0010493358051783086,108,1.8059442520141602,0.045184706003403484,0.06992387771606445,0.007846419237944439,"{'n_estimators': 346, 'max_depth': 7, 'learning_rate': np.float64(0.06105450329101332), 'subsample': np.float64(0.9099010106178466), 'colsample_bytree': np.float64(0.7380819985464547), 'min_child_weight': 1}"
346,7,0.06105450329101332,0.9099010106178466,0.7380819985464547,1,0.8063858695652174,0.8163129973474801,0.8105726872246696,0.8083832335329342,0.8055367994598245,0.8094383174260251,0.0038522850690863625,4,0.9133167907361456,0.9162886597938145,0.9152095018145826,0.9140695666474796,0.914002478314746,0.9145773994613536,0.0010493358051783086,108,1.8059442520141602,0.045184706003403484,0.06992387771606445,0.007846419237944439,"{'n_estimators': 346, 'max_depth': 7, 'learning_rate': np.float64(0.06105450329101332), 'subsample': np.float64(0.9099010106178466), 'colsample_bytree': np.float64(0.7380819985464547), 'min_child_weight': 1}"
346,7,0.06105450329101332,0.9099010106178466,0.7380819985464547,1,0.8063858695652174,0.8163129973474801,0.8105726872246696,0.8083832335329342,0.8055367994598245,0.8094383174260251,0.0038522850690863625,4,0.9133167907361456,0.9162886597938145,0.9152095018145826,0.9140695666474796,0.914002478314746,0.9145773994613536,0.0010493358051783086,108,1.8059442520141602,0.045184706003403484,0.06992387771606445,0.007846419237944439,"{'n_estimators': 346, 'max_depth': 7, 'learning_rate': np.float64(0.06105450329101332), 'subsample': np.float64(0.9099010106178466), 'colsample_bytree': np.float64(0.7380819985464547), 'min_child_weight': 1}"
346,7,0.06105450329101332,0.9099010106178466,0.7380819985464547,1,0.8063858695652174,0.8163129973474801,0.8105726872246696,0.8083832335329342,0.8055367994598245,0.8094383174260251,0.0038522850690863625,4,0.9133167907361456,0.9162886597938145,0.9152095018145826,0.9140695666474796,0.914002478314746,0.9145773994613536,0.0010493358051783086,108,1.8059442520141602,0.045184706003403484,0.06992387771606445,0.007846419237944439,"{'n_estimators': 346, 'max_depth': 7, 'learning_rate': np.float64(0.06105450329101332), 'subsample': np.float64(0.9099010106178466), 'colsample_bytree': np.float64(0.7380819985464547), 'min_child_weight': 1}"
346,7,0.06105450329101332,0.9099010106178466,0.7380819985464547,1,0.8063858695652174,0.8163129973474801,0.8105726872246696,0.8083832335329342,0.8055367994598245,0.8094383174260251,0.0038522850690863625,4,0.9133167907361456,0.9162886597938145,0.9152095018145826,0.9140695666474796,0.914002478314746,0.9145773994613536,0.0010493358051783086,108,1.8059442520141602,0.045184706003403484,0.06992387771606445,0.007846419237944439,"{'n_estimators': 346, 'max_depth': 7, 'learning_rate': np.float64(0.06105450329101332), 'subsample': np.float64(0.9099010106178466), 'colsample_bytree': np.float64(0.7380819985464547), 'min_child_weight': 1}"
346,7,0.1165976299865342,0.9099010106178466,0.7380819985464547,1,0.8068295949112823,0.8061964403427818,0.8073949579831933,0.8109174613613943,0.8012028065486134,0.806508252229453,0.0031169091711849652,388,0.9744772203228115,0.9780882819942839,0.9747137404580153,0.9754352492248987,0.9757493837958178,0.9756927751591654,0.0012840607188059653,12,1.8449514389038086,0.09674431846682617,0.06116719245910644,0.016497956114048546,"{'n_estimators': 346, 'max_depth': 7, 'learning_rate': np.float64(0.1165976299865342), 'subsample': np.float64(0.9099010106178466), 'colsample_bytree': np.float64(0.7380819985464547), 'min_child_weight': 1}"
346,7,0.06105450329101332,0.9099010106178466,0.7380819985464547,1,0.8063858695652174,0.8163129973474801,0.8105726872246696,0.8083832335329342,0.8055367994598245,0.8094383174260251,0.0038522850690863625,4,0.9133167907361456,0.9162886597938145,0.9152095018145826,0.9140695666474796,0.914002478314746,0.9145773994613536,0.0010493358051783086,108,1.8059442520141602,0.045184706003403484,0.06992387771606445,0.007846419237944439,"{'n_estimators': 346, 'max_depth': 7, 'learning_rate': np.float64(0.06105450329101332), 'subsample': np.float64(0.9099010106178466), 'colsample_bytree': np.float64(0.7380819985464547), 'min_child_weight': 1}"
346,7,0.06105450329101332,0.9099010106178466,0.7380819985464547,1,0.8063858695652174,0.8163129973474801,0.8105726872246696,0.8083832335329342,0.8055367994598245,0.8094383174260251,0.0038522850690863625,4,0.9133167907361456,0.9162886597938145,0.9152095018145826,0.9140695666474796,0.914002478314746,0.9145773994613536,0.0010493358051783086,108,1.8059442520141602,0.045184706003403484,0.06992387771606445,0.007846419237944439,"{'n_estimators': 346, 'max_depth': 7, 'learning_rate': np.float64(0.06105450329101332), 'subsample': np.float64(0.9099010106178466), 'colsample_bytree': np.float64(0.7380819985464547), 'min_child_weight': 1}"
346,7,0.06105450329101332,0.9099010106178466,0.7380819985464547,1,0.8063858695652174,0.8163129973474801,0.8105726872246696,0.8083832335329342,0.8055367994598245,0.8094383174260251,0.0038522850690863625,4,0.9133167907361456,0.9162886597938145,0.9152095018145826,0.9140695666474796,0.914002478314746,0.9145773994613536,0.0010493358051783086,108,1.8059442520141602,0.045184706003403484,0.06992387771606445,0.007846419237944439,"{'n_estimators': 346, 'max_depth': 7, 'learning_rate': np.float64(0.06105450329101332), 'subsample': np.float64(0.9099010106178466), 'colsample_bytree': np.float64(0.7380819985464547), 'min_child_weight': 1}"
346,7,0.06105450329101332,0.9099010106178466,0.7380819985464547,1,0.8063858695652174,0.8163129973474801,0.8105726872246696,0.8083832335329342,0.8055367994598245,0.8094383174260251,0.0038522850690863625,4,0.9133167907361456,0.9162886597938145,0.9152095018145826,0.9140695666474796,0.914002478314746,0.9145773994613536,0.0010493358051783086,108,1.8059442520141602,0.045184706003403484,0.06992387771606445,0.007846419237944439,"{'n_estimators': 346, 'max_depth': 7, 'learning_rate': np.float64(0.06105450329101332), 'subsample': np.float64(0.9099010106178466), 'colsample_bytree': np.float64(0.7380819985464547), 'min_child_weight': 1}"
346,7,0.06105450329101332,0.9099010106178466,0.7380819985464547,1,0.8063858695652174,0.8163129973474801,0.8105726872246696,0.8083832335329342,0.8055367994598245,0.8094383174260251,0.0038522850690863625,4,0.9133167907361456,0.9162886597938145,0.9152095018145826,0.9140695666474796,0.914002478314746,0.9145773994613536,0.0010493358051783086,108,1.8059442520141602,0.045184706003403484,0.06992387771606445,0.007846419237944439,"{'n_estimators': 346, 'max_depth': 7, 'learning_rate': np.float64(0.06105450329101332), 'subsample': np.float64(0.9099010106178466), 'colsample_bytree': np.float64(0.7380819985464547), 'min_child_weight': 1}"
346,7,0.06105450329101332,0.9099010106178466,0.7380819985464547,1,0.8063858695652174,0.8163129973474801,0.8105726872246696,0.8083832335329342,0.8055367994598245,0.8094383174260251,0.0038522850690863625,4,0.9133167907361456,0.9162886597938145,0.9152095018145826,0.9140695666474796,0.914002478314746,0.9145773994613536,0.0010493358051783086,108,1.8059442520141602,0.045184706003403484,0.06992387771606445,0.007846419237944439,"{'n_estimators': 346, 'max_depth': 7, 'learning_rate': np.float64(0.06105450329101332), 'subsample': np.float64(0.9099010106178466), 'colsample_bytree': np.float64(0.7380819985464547), 'min_child_weight': 1}"
346,7,0.06105450329101332,0.9099010106178466,0.7380819985464547,1,0.8063858695652174,0.8163129973474801,0.8105726872246696,0.8083832335329342,0.8055367994598245,0.8094383174260251,0.0038522850690863625,4,0.9133167907361456,0.9162886597938145,0.9152095018145826,0.9140695666474796,0.914002478314746,0.9145773994613536,0.0010493358051783086,108,1.8059442520141602,0.045184706003403484,0.06992387771606445,0.007846419237944439,"{'n_estimators': 346, 'max_depth': 7, 'learning_rate': np.float64(0.06105450329101332), 'subsample': np.float64(0.9099010106178466), 'colsample_bytree': np.float64(0.7380819985464547), 'min_child_weight': 1}"
346,7,0.06105450329101332,0.9099010106178466,0.7380819985464547,1,0.8063858695652174,0.8163129973474801,0.8105726872246696,0.8083832335329342,0.8055367994598245,0.8094383174260251,0.0038522850690863625,4,0.9133167907361456,0.9162886597938145,0.9152095018145826,0.9140695666474796,0.914002478314746,0.9145773994613536,0.0010493358051783086,108,1.8059442520141602,0.045184706003403484,0.06992387771606445,0.007846419237944439,"{'n_estimators': 346, 'max_depth': 7, 'learning_rate': np.float64(0.06105450329101332), 'subsample': np.float64(0.9099010106178466), 'colsample_bytree': np.float64(0.7380819985464547), 'min_child_weight': 1}"
346,7,0.06105450329101332,0.9099010106178466,0.7380819985464547,1,0.8063858695652174,0.8163129973474801,0.8105726872246696,0.8083832335329342,0.8055367994598245,0.8094383174260251,0.0038522850690863625,4,0.9133167907361456,0.9162886597938145,0.9152095018145826,0.9140695666474796,0.914002478314746,0.9145773994613536,0.0010493358051783086,108,1.8059442520141602,0.045184706003403484,0.06992387771606445,0.007846419237944439,"{'n_estimators': 346, 'max_depth': 7, 'learning_rate': np.float64(0.06105450329101332), 'subsample': np.float64(0.9099010106178466), 'colsample_bytree': np.float64(0.7380819985464547), 'min_child_weight': 1}"
346,7,0.06105450329101332,0.9099010106178466,0.7380819985464547,1,0.8063858695652174,0.8163129973474801,0.8105726872246696,0.8083832335329342,0.8055367994598245,0.8094383174260251,0.0038522850690863625,4,0.9133167907361456,0.9162886597938145,0.9152095018145826,0.9140695666474796,0.914002478314746,0.9145773994613536,0.0010493358051783086,108,1.8059442520141602,0.045184706003403484,0.06992387771606445,0.007846419237944439,"{'n_estimators': 346, 'max_depth': 7, 'learning_rate': np.float64(0.06105450329101332), 'subsample': np.float64(0.9099010106178466), 'colsample_bytree': np.float64(0.7380819985464547), 'min_child_weight': 1}"
346,7,0.06105450329101332,0.9099010106178466,0.7380819985464547,1,0.8063858695652174,0.8163129973474801,0.8105726872246696,0.8083832335329342,0.8055367994598245,0.8094383174260251,0.0038522850690863625,4,0.9133167907361456,0.9162886597938145,0.9152095018145826,0.9140695666474796,0.914002478314746,0.9145773994613536,0.0010493358051783086,108,1.8059442520141602,0.045184706003403484,0.06992387771606445,0.007846419237944439,"{'n_estimators': 346, 'max_depth': 7, 'learning_rate': np.float64(0.06105450329101332), 'subsample': np.float64(0.9099010106178466), 'colsample_bytree': np.float64(0.7380819985464547), 'min_child_weight': 1}"
346,7,0.06105450329101332,0.9099010106178466,0.7380819985464547,1,0.8063858695652174,0.8163129973474801,0.8105726872246696,0.8083832335329342,0.8055367994598245,0.8094383174260251,0.0038522850690863625,4,0.9133167907361456,0.9162886597938145,0.9152095018145826,0.9140695666474796,0.914002478314746,0.9145773994613536,0.0010493358051783086,108,1.8059442520141602,0.045184706003403484,0.06992387771606445,0.007846419237944439,"{'n_estimators': 346, 'max_depth': 7, 'learning_rate': np.float64(0.06105450329101332), 'subsample': np.float64(0.9099010106178466), 'colsample_bytree': np.float64(0.7380819985464547), 'min_child_weight': 1}"
346,7,0.06105450329101332,0.7769571572300797,0.7380819985464547,1,0.8074450084602369,0.8123342175066313,0.804902962206333,0.8052208835341366,0.8053962900505902,0.8070598723515857,0.0027845536071091264,354,0.918327021241561,0.9226605429344706,0.9192659040408196,0.921586337137696,0.9218903839842468,0.9207460378677588,0.0016567074655058846,74,1.8564643859863281,0.10351978873165456,0.05916142463684082,0.009269232920175485,"{'n_estimators': 346, 'max_depth': 7, 'learning_rate': np.float64(0.06105450329101332), 'subsample': np.float64(0.7769571572300797), 'colsample_bytree': np.float64(0.7380819985464547), 'min_child_weight': 1}"
346,7,0.06105450329101332,0.9099010106178466,0.7380819985464547,1,0.8063858695652174,0.8163129973474801,0.8105726872246696,0.8083832335329342,0.8055367994598245,0.8094383174260251,0.0038522850690863625,4,0.9133167907361456,0.9162886597938145,0.9152095018145826,0.9140695666474796,0.914002478314746,0.9145773994613536,0.0010493358051783086,108,1.8059442520141602,0.045184706003403484,0.06992387771606445,0.007846419237944439,"{'n_estimators': 346, 'max_depth': 7, 'learning_rate': np.float64(0.06105450329101332), 'subsample': np.float64(0.9099010106178466), 'colsample_bytree': np.float64(0.7380819985464547), 'min_child_weight': 1}"
346,7,0.06105450329101332,0.9099010106178466,0.7380819985464547,1,0.8063858695652174,0.8163129973474801,0.8105726872246696,0.8083832335329342,0.8055367994598245,0.8094383174260251,0.0038522850690863625,4,0.9133167907361456,0.9162886597938145,0.9152095018145826,0.9140695666474796,0.914002478314746,0.9145773994613536,0.0010493358051783086,108,1.8059442520141602,0.045184706003403484,0.06992387771606445,0.007846419237944439,"{'n_estimators': 346, 'max_depth': 7, 'learning_rate': np.float64(0.06105450329101332), 'subsample': np.float64(0.9099010106178466), 'colsample_bytree': np.float64(0.7380819985464547), 'min_child_weight': 1}"
346,7,0.06105450329101332,0.9099010106178466,0.7380819985464547,1,0.8063858695652174,0.8163129973474801,0.8105726872246696,0.8083832335329342,0.8055367994598245,0.8094383174260251,0.0038522850690863625,4,0.9133167907361456,0.9162886597938145,0.9152095018145826,0.9140695666474796,0.914002478314746,0.9145773994613536,0.0010493358051783086,108,1.8059442520141602,0.045184706003403484,0.06992387771606445,0.007846419237944439,"{'n_estimators': 346, 'max_depth': 7, 'learning_rate': np.float64(0.06105450329101332), 'subsample': np.float64(0.9099010106178466), 'colsample_bytree': np.float64(0.7380819985464547), 'min_child_weight': 1}"
346,7,0.06105450329101332,0.9099010106178466,0.7380819985464547,1,0.8063858695652174,0.8163129973474801,0.8105726872246696,0.8083832335329342,0.8055367994598245,0.8094383174260251,0.0038522850690863625,4,0.9133167907361456,0.9162886597938145,0.9152095018145826,0.9140695666474796,0.914002478314746,0.9145773994613536,0.0010493358051783086,108,1.8059442520141602,0.045184706003403484,0.06992387771606445,0.007846419237944439,"{'n_estimators': 346, 'max_depth': 7, 'learning_rate': np.float64(0.06105450329101332), 'subsample': np.float64(0.9099010106178466), 'colsample_bytree': np.float64(0.7380819985464547), 'min_child_weight': 1}"
346,7,0.06105450329101332,0.9099010106178466,0.7380819985464547,1,0.8063858695652174,0.8163129973474801,0.8105726872246696,0.8083832335329342,0.8055367994598245,0.8094383174260251,0.0038522850690863625,4,0.9133167907361456,0.9162886597938145,0.9152095018145826,0.9140695666474796,0.914002478314746,0.9145773994613536,0.0010493358051783086,108,1.8059442520141602,0.045184706003403484,0.06992387771606445,0.007846419237944439,"{'n_estimators': 346, 'max_depth': 7, 'learning_rate': np.float64(0.06105450329101332), 'subsample': np.float64(0.9099010106178466), 'colsample_bytree': np.float64(0.7380819985464547), 'min_child_weight': 1}"
346,7,0.06105450329101332,0.9099010106178466,0.7380819985464547,1,0.8063858695652174,0.8163129973474801,0.8105726872246696,0.8083832335329342,0.8055367994598245,0.8094383174260251,0.0038522850690863625,4,0.9133167907361456,0.9162886597938145,0.9152095018145826,0.9140695666474796,0.914002478314746,0.9145773994613536,0.0010493358051783086,108,1.8059442520141602,0.045184706003403484,0.06992387771606445,0.007846419237944439,"{'n_estimators': 346, 'max_depth': 7, 'learning_rate': np.float64(0.06105450329101332), 'subsample': np.float64(0.9099010106178466), 'colsample_bytree': np.float64(0.7380819985464547), 'min_child_weight': 1}"
346,7,0.06105450329101332,0.7371458929905804,0.7380819985464547,1,0.8043404543913191,0.8129973474801061,0.8072084325059503,0.810016694490818,0.8033670033670034,0.8075859864470394,0.003568389366564504,324,0.9178059627738429,0.9217119855417728,0.9213630406290957,0.9215364412344058,0.9209271740917311,0.9206689208541696,0.0014550327500790208,75,1.917000913619995,0.10719284334986796,0.06950225830078124,0.014089092769990142,"{'n_estimators': 346, 'max_depth': 7, 'learning_rate': np.float64(0.06105450329101332), 'subsample': np.float64(0.7371458929905804), 'colsample_bytree': np.float64(0.7380819985464547), 'min_child_weight': 1}"
346,7,0.06105450329101332,0.9099010106178466,0.7380819985464547,1,0.8063858695652174,0.8163129973474801,0.8105726872246696,0.8083832335329342,0.8055367994598245,0.8094383174260251,0.0038522850690863625,4,0.9133167907361456,0.9162886597938145,0.9152095018145826,0.9140695666474796,0.914002478314746,0.9145773994613536,0.0010493358051783086,108,1.8059442520141602,0.045184706003403484,0.06992387771606445,0.007846419237944439,"{'n_estimators': 346, 'max_depth': 7, 'learning_rate': np.float64(0.06105450329101332), 'subsample': np.float64(0.9099010106178466), 'colsample_bytree': np.float64(0.7380819985464547), 'min_child_weight': 1}"
346,7,0.06105450329101332,0.9099010106178466,0.7380819985464547,1,0.8063858695652174,0.8163129973474801,0.8105726872246696,0.8083832335329342,0.8055367994598245,0.8094383174260251,0.0038522850690863625,4,0.9133167907361456,0.9162886597938145,0.9152095018145826,0.9140695666474796,0.914002478314746,0.9145773994613536,0.0010493358051783086,108,1.8059442520141602,0.045184706003403484,0.06992387771606445,0.007846419237944439,"{'n_estimators': 346, 'max_depth': 7, 'learning_rate': np.float64(0.06105450329101332), 'subsample': np.float64(0.9099010106178466), 'colsample_bytree': np.float64(0.7380819985464547), 'min_child_weight': 1}"
346,7,0.06105450329101332,0.9099010106178466,0.7380819985464547,1,0.8063858695652174,0.8163129973474801,0.8105726872246696,0.8083832335329342,0.8055367994598245,0.8094383174260251,0.0038522850690863625,4,0.9133167907361456,0.9162886597938145,0.9152095018145826,0.9140695666474796,0.914002478314746,0.9145773994613536,0.0010493358051783086,108,1.8059442520141602,0.045184706003403484,0.06992387771606445,0.007846419237944439,"{'n_estimators': 346, 'max_depth': 7, 'learning_rate': np.float64(0.06105450329101332), 'subsample': np.float64(0.9099010106178466), 'colsample_bytree': np.float64(0.7380819985464547), 'min_child_weight': 1}"
346,7,0.06105450329101332,0.9099010106178466,0.7380819985464547,1,0.8063858695652174,0.8163129973474801,0.8105726872246696,0.8083832335329342,0.8055367994598245,0.8094383174260251,0.0038522850690863625,4,0.9133167907361456,0.9162886597938145,0.9152095018145826,0.9140695666474796,0.914002478314746,0.9145773994613536,0.0010493358051783086,108,1.8059442520141602,0.045184706003403484,0.06992387771606445,0.007846419237944439,"{'n_estimators': 346, 'max_depth': 7, 'learning_rate': np.float64(0.06105450329101332), 'subsample': np.float64(0.9099010106178466), 'colsample_bytree': np.float64(0.7380819985464547), 'min_child_weight': 1}"
346,7,0.06105450329101332,0.9099010106178466,0.7380819985464547,1,0.8063858695652174,0.8163129973474801,0.8105726872246696,0.8083832335329342,0.8055367994598245,0.8094383174260251,0.0038522850690863625,4,0.9133167907361456,0.9162886597938145,0.9152095018145826,0.9140695666474796,0.914002478314746,0.9145773994613536,0.0010493358051783086,108,1.8059442520141602,0.045184706003403484,0.06992387771606445,0.007846419237944439,"{'n_estimators': 346, 'max_depth': 7, 'learning_rate': np.float64(0.06105450329101332), 'subsample': np.float64(0.9099010106178466), 'colsample_bytree': np.float64(0.7380819985464547), 'min_child_weight': 1}"
346,7,0.06105450329101332,0.9099010106178466,0.7380819985464547,1,0.8063858695652174,0.8163129973474801,0.8105726872246696,0.8083832335329342,0.8055367994598245,0.8094383174260251,0.0038522850690863625,4,0.9133167907361456,0.9162886597938145,0.9152095018145826,0.9140695666474796,0.914002478314746,0.9145773994613536,0.0010493358051783086,108,1.8059442520141602,0.045184706003403484,0.06992387771606445,0.007846419237944439,"{'n_estimators': 346, 'max_depth': 7, 'learning_rate': np.float64(0.06105450329101332), 'subsample': np.float64(0.9099010106178466), 'colsample_bytree': np.float64(0.7380819985464547), 'min_child_weight': 1}"
346,7,0.06105450329101332,0.9099010106178466,0.7380819985464547,1,0.8063858695652174,0.8163129973474801,0.8105726872246696,0.8083832335329342,0.8055367994598245,0.8094383174260251,0.0038522850690863625,4,0.9133167907361456,0.9162886597938145,0.9152095018145826,0.9140695666474796,0.914002478314746,0.9145773994613536,0.0010493358051783086,108,1.8059442520141602,0.045184706003403484,0.06992387771606445,0.007846419237944439,"{'n_estimators': 346, 'max_depth': 7, 'learning_rate': np.float64(0.06105450329101332), 'subsample': np.float64(0.9099010106178466), 'colsample_bytree': np.float64(0.7380819985464547), 'min_child_weight': 1}"
346,7,0.06105450329101332,0.9099010106178466,0.7380819985464547,1,0.8063858695652174,0.8163129973474801,0.8105726872246696,0.8083832335329342,0.8055367994598245,0.8094383174260251,0.0038522850690863625,4,0.9133167907361456,0.9162886597938145,0.9152095018145826,0.9140695666474796,0.914002478314746,0.9145773994613536,0.0010493358051783086,108,1.8059442520141602,0.045184706003403484,0.06992387771606445,0.007846419237944439,"{'n_estimators': 346, 'max_depth': 7, 'learning_rate': np.float64(0.06105450329101332), 'subsample': np.float64(0.9099010106178466), 'colsample_bytree': np.float64(0.7380819985464547), 'min_child_weight': 1}"
346,7,0.06105450329101332,0.9099010106178466,0.7380819985464547,1,0.8063858695652174,0.8163129973474801,0.8105726872246696,0.8083832335329342,0.8055367994598245,0.8094383174260251,0.0038522850690863625,4,0.9133167907361456,0.9162886597938145,0.9152095018145826,0.9140695666474796,0.914002478314746,0.9145773994613536,0.0010493358051783086,108,1.8059442520141602,0.045184706003403484,0.06992387771606445,0.007846419237944439,"{'n_estimators': 346, 'max_depth': 7, 'learning_rate': np.float64(0.06105450329101332), 'subsample': np.float64(0.9099010106178466), 'colsample_bytree': np.float64(0.7380819985464547), 'min_child_weight': 1}"
346,7,0.06105450329101332,0.9099010106178466,0.8006858714279095,1,0.8034013605442177,0.8139767054908486,0.8053187862257075,0.8090485695276114,0.7990575563783238,0.8061605956333417,0.005063736852024582,407,0.9160556882774529,0.9183841714756801,0.9166597972137499,0.9161184210526315,0.9140122132365077,0.9162460582512043,0.0013989498647812158,106,1.9081400871276855,0.08511665313692611,0.0671966552734375,0.014102284370238157,"{'n_estimators': 346, 'max_depth': 7, 'learning_rate': np.float64(0.06105450329101332), 'subsample': np.float64(0.9099010106178466), 'colsample_bytree': np.float64(0.8006858714279095), 'min_child_weight': 1}"
346,7,0.06105450329101332,0.9099010106178466,0.7380819985464547,1,0.8063858695652174,0.8163129973474801,0.8105726872246696,0.8083832335329342,0.8055367994598245,0.8094383174260251,0.0038522850690863625,4,0.9133167907361456,0.9162886597938145,0.9152095018145826,0.9140695666474796,0.914002478314746,0.9145773994613536,0.0010493358051783086,108,1.8059442520141602,0.045184706003403484,0.06992387771606445,0.007846419237944439,"{'n_estimators': 346, 'max_depth': 7, 'learning_rate': np.float64(0.06105450329101332), 'subsample': np.float64(0.9099010106178466), 'colsample_bytree': np.float64(0.7380819985464547), 'min_child_weight': 1}"
346,7,0.06105450329101332,0.9099010106178466,0.7380819985464547,1,0.8063858695652174,0.8163129973474801,0.8105726872246696,0.8083832335329342,0.8055367994598245,0.8094383174260251,0.0038522850690863625,4,0.9133167907361456,0.9162886597938145,0.9152095018145826,0.9140695666474796,0.914002478314746,0.9145773994613536,0.0010493358051783086,108,1.8059442520141602,0.045184706003403484,0.06992387771606445,0.007846419237944439,"{'n_estimators': 346, 'max_depth': 7, 'learning_rate': np.float64(0.06105450329101332), 'subsample': np.float64(0.9099010106178466), 'colsample_bytree': np.float64(0.7380819985464547), 'min_child_weight': 1}"
346,7,0.06105450329101332,0.9099010106178466,0.7380819985464547,1,0.8063858695652174,0.8163129973474801,0.8105726872246696,0.8083832335329342,0.8055367994598245,0.8094383174260251,0.0038522850690863625,4,0.9133167907361456,0.9162886597938145,0.9152095018145826,0.9140695666474796,0.914002478314746,0.9145773994613536,0.0010493358051783086,108,1.8059442520141602,0.045184706003403484,0.06992387771606445,0.007846419237944439,"{'n_estimators': 346, 'max_depth': 7, 'learning_rate': np.float64(0.06105450329101332), 'subsample': np.float64(0.9099010106178466), 'colsample_bytree': np.float64(0.7380819985464547), 'min_child_weight': 1}"
346,7,0.06105450329101332,0.9099010106178466,0.7380819985464547,1,0.8063858695652174,0.8163129973474801,0.8105726872246696,0.8083832335329342,0.8055367994598245,0.8094383174260251,0.0038522850690863625,4,0.9133167907361456,0.9162886597938145,0.9152095018145826,0.9140695666474796,0.914002478314746,0.9145773994613536,0.0010493358051783086,108,1.8059442520141602,0.045184706003403484,0.06992387771606445,0.007846419237944439,"{'n_estimators': 346, 'max_depth': 7, 'learning_rate': np.float64(0.06105450329101332), 'subsample': np.float64(0.9099010106178466), 'colsample_bytree': np.float64(0.7380819985464547), 'min_child_weight': 1}"
346,7,0.06105450329101332,0.9099010106178466,0.7380819985464547,1,0.8063858695652174,0.8163129973474801,0.8105726872246696,0.8083832335329342,0.8055367994598245,0.8094383174260251,0.0038522850690863625,4,0.9133167907361456,0.9162886597938145,0.9152095018145826,0.9140695666474796,0.914002478314746,0.9145773994613536,0.0010493358051783086,108,1.8059442520141602,0.045184706003403484,0.06992387771606445,0.007846419237944439,"{'n_estimators': 346, 'max_depth': 7, 'learning_rate': np.float64(0.06105450329101332), 'subsample': np.float64(0.9099010106178466), 'colsample_bytree': np.float64(0.7380819985464547), 'min_child_weight': 1}"
346,7,0.06105450329101332,0.9099010106178466,0.7380819985464547,1,0.8063858695652174,0.8163129973474801,0.8105726872246696,0.8083832335329342,0.8055367994598245,0.8094383174260251,0.0038522850690863625,4,0.9133167907361456,0.9162886597938145,0.9152095018145826,0.9140695666474796,0.914002478314746,0.9145773994613536,0.0010493358051783086,108,1.8059442520141602,0.045184706003403484,0.06992387771606445,0.007846419237944439,"{'n_estimators': 346, 'max_depth': 7, 'learning_rate': np.float64(0.06105450329101332), 'subsample': np.float64(0.9099010106178466), 'colsample_bytree': np.float64(0.7380819985464547), 'min_child_weight': 1}"
346,7,0.06105450329101332,0.9099010106178466,0.7380819985464547,9,0.8050186503899627,0.8121693121693122,0.8031281876912615,0.8096977748256393,0.8002703616086516,0.8060568573369654,0.004330286286357458,413,0.8697103747600368,0.8693686149723664,0.8703131524008351,0.8693177061532021,0.8696452476572959,0.8696710191887472,0.00035519755237391703,447,1.5924244403839112,0.034647577063601755,0.0678670883178711,0.010857553731640886,"{'n_estimators': 346, 'max_depth': 7, 'learning_rate': np.float64(0.06105450329101332), 'subsample': np.float64(0.9099010106178466), 'colsample_bytree': np.float64(0.7380819985464547), 'min_child_weight': 9}"
346,7,0.06105450329101332,0.9099010106178466,0.7380819985464547,1,0.8063858695652174,0.8163129973474801,0.8105726872246696,0.8083832335329342,0.8055367994598245,0.8094383174260251,0.0038522850690863625,4,0.9133167907361456,0.9162886597938145,0.9152095018145826,0.9140695666474796,0.914002478314746,0.9145773994613536,0.0010493358051783086,108,1.8059442520141602,0.045184706003403484,0.06992387771606445,0.007846419237944439,"{'n_estimators': 346, 'max_depth': 7, 'learning_rate': np.float64(0.06105450329101332), 'subsample': np.float64(0.9099010106178466), 'colsample_bytree': np.float64(0.7380819985464547), 'min_child_weight': 1}"
346,7,0.06105450329101332,0.9099010106178466,0.7380819985464547,1,0.8063858695652174,0.8163129973474801,0.8105726872246696,0.8083832335329342,0.8055367994598245,0.8094383174260251,0.0038522850690863625,4,0.9133167907361456,0.9162886597938145,0.9152095018145826,0.9140695666474796,0.914002478314746,0.9145773994613536,0.0010493358051783086,108,1.8059442520141602,0.045184706003403484,0.06992387771606445,0.007846419237944439,"{'n_estimators': 346, 'max_depth': 7, 'learning_rate': np.float64(0.06105450329101332), 'subsample': np.float64(0.9099010106178466), 'colsample_bytree': np.float64(0.7380819985464547), 'min_child_weight': 1}"
346,7,0.06105450329101332,0.9332683606418444,0.7380819985464547,1,0.8054329371816639,0.8122299767364572,0.8061328790459966,0.8128946493851777,0.8017561634582911,0.8076893211615174,0.004252743491468226,318,0.9133129493430295,0.9180651530108588,0.9154662935221006,0.9142480211081794,0.9116455905446731,0.9145476015057683,0.002156522460246072,331,1.8392970085144043,0.060765865681874746,0.0671360969543457,0.015500343376267859,"{'n_estimators': 346, 'max_depth': 7, 'learning_rate': np.float64(0.06105450329101332), 'subsample': np.float64(0.9332683606418444), 'colsample_bytree': np.float64(0.7380819985464547), 'min_child_weight': 1}"
346,7,0.06105450329101332,0.9849298139106278,0.7380819985464547,1,0.8059904697072838,0.81,0.8029993183367417,0.81,0.8039083557951483,0.8065796287678347,0.0029563257333344167,387,0.9062733073671998,0.9109748010610079,0.9079927188482542,0.906368899917287,0.9063949635520212,0.907600938149154,0.0018039589513663993,337,1.8150495529174804,0.0802114585777685,0.06368427276611328,0.016230525719316578,"{'n_estimators': 346, 'max_depth': 7, 'learning_rate': np.float64(0.06105450329101332), 'subsample': np.float64(0.9849298139106278), 'colsample_bytree': np.float64(0.7380819985464547), 'min_child_weight': 1}"
346,7,0.06105450329101332,0.9099010106178466,0.7380819985464547,1,0.8063858695652174,0.8163129973474801,0.8105726872246696,0.8083832335329342,0.8055367994598245,0.8094383174260251,0.0038522850690863625,4,0.9133167907361456,0.9162886597938145,0.9152095018145826,0.9140695666474796,0.914002478314746,0.9145773994613536,0.0010493358051783086,108,1.8059442520141602,0.045184706003403484,0.06992387771606445,0.007846419237944439,"{'n_estimators': 346, 'max_depth': 7, 'learning_rate': np.float64(0.06105450329101332), 'subsample': np.float64(0.9099010106178466), 'colsample_bytree': np.float64(0.7380819985464547), 'min_child_weight': 1}"
346,7,0.06105450329101332,0.9099010106178466,0.7380819985464547,1,0.8063858695652174,0.8163129973474801,0.8105726872246696,0.8083832335329342,0.8055367994598245,0.8094383174260251,0.0038522850690863625,4,0.9133167907361456,0.9162886597938145,0.9152095018145826,0.9140695666474796,0.914002478314746,0.9145773994613536,0.0010493358051783086,108,1.8059442520141602,0.045184706003403484,0.06992387771606445,0.007846419237944439,"{'n_estimators': 346, 'max_depth': 7, 'learning_rate': np.float64(0.06105450329101332), 'subsample': np.float64(0.9099010106178466), 'colsample_bytree': np.float64(0.7380819985464547), 'min_child_weight': 1}"
346,7,0.06105450329101332,0.9099010106178466,0.7380819985464547,1,0.8063858695652174,0.8163129973474801,0.8105726872246696,0.8083832335329342,0.8055367994598245,0.8094383174260251,0.0038522850690863625,4,0.9133167907361456,0.9162886597938145,0.9152095018145826,0.9140695666474796,0.914002478314746,0.9145773994613536,0.0010493358051783086,108,1.8059442520141602,0.045184706003403484,0.06992387771606445,0.007846419237944439,"{'n_estimators': 346, 'max_depth': 7, 'learning_rate': np.float64(0.06105450329101332), 'subsample': np.float64(0.9099010106178466), 'colsample_bytree': np.float64(0.7380819985464547), 'min_child_weight': 1}"
346,7,0.06105450329101332,0.9099010106178466,0.7380819985464547,1,0.8063858695652174,0.8163129973474801,0.8105726872246696,0.8083832335329342,0.8055367994598245,0.8094383174260251,0.0038522850690863625,4,0.9133167907361456,0.9162886597938145,0.9152095018145826,0.9140695666474796,0.914002478314746,0.9145773994613536,0.0010493358051783086,108,1.8059442520141602,0.045184706003403484,0.06992387771606445,0.007846419237944439,"{'n_estimators': 346, 'max_depth': 7, 'learning_rate': np.float64(0.06105450329101332), 'subsample': np.float64(0.9099010106178466), 'colsample_bytree': np.float64(0.7380819985464547), 'min_child_weight': 1}"
346,7,0.06105450329101332,0.9099010106178466,0.7609121122273521,1,0.8063858695652174,0.8163129973474801,0.8105726872246696,0.8083832335329342,0.8055367994598245,0.8094383174260251,0.0038522850690863625,4,0.9133167907361456,0.9162886597938145,0.9152095018145826,0.9140695666474796,0.914002478314746,0.9145773994613536,0.0010493358051783086,108,1.8028640270233154,0.09484467037137964,0.05968141555786133,0.006488139370766625,"{'n_estimators': 346, 'max_depth': 7, 'learning_rate': np.float64(0.06105450329101332), 'subsample': np.float64(0.9099010106178466), 'colsample_bytree': np.float64(0.7609121122273521), 'min_child_weight': 1}"
346,7,0.06105450329101332,0.9099010106178466,0.7380819985464547,1,0.8063858695652174,0.8163129973474801,0.8105726872246696,0.8083832335329342,0.8055367994598245,0.8094383174260251,0.0038522850690863625,4,0.9133167907361456,0.9162886597938145,0.9152095018145826,0.9140695666474796,0.914002478314746,0.9145773994613536,0.0010493358051783086,108,1.8059442520141602,0.045184706003403484,0.06992387771606445,0.007846419237944439,"{'n_estimators': 346, 'max_depth': 7, 'learning_rate': np.float64(0.06105450329101332), 'subsample': np.float64(0.9099010106178466), 'colsample_bytree': np.float64(0.7380819985464547), 'min_child_weight': 1}"
346,7,0.06105450329101332,0.9099010106178466,0.7380819985464547,1,0.8063858695652174,0.8163129973474801,0.8105726872246696,0.8083832335329342,0.8055367994598245,0.8094383174260251,0.0038522850690863625,4,0.9133167907361456,0.9162886597938145,0.9152095018145826,0.9140695666474796,0.914002478314746,0.9145773994613536,0.0010493358051783086,108,1.8059442520141602,0.045184706003403484,0.06992387771606445,0.007846419237944439,"{'n_estimators': 346, 'max_depth': 7, 'learning_rate': np.float64(0.06105450329101332), 'subsample': np.float64(0.9099010106178466), 'colsample_bytree': np.float64(0.7380819985464547), 'min_child_weight': 1}"
346,7,0.06105450329101332,0.9099010106178466,0.7380819985464547,1,0.8063858695652174,0.8163129973474801,0.8105726872246696,0.8083832335329342,0.8055367994598245,0.8094383174260251,0.0038522850690863625,4,0.9133167907361456,0.9162886597938145,0.9152095018145826,0.9140695666474796,0.914002478314746,0.9145773994613536,0.0010493358051783086,108,1.8059442520141602,0.045184706003403484,0.06992387771606445,0.007846419237944439,"{'n_estimators': 346, 'max_depth': 7, 'learning_rate': np.float64(0.06105450329101332), 'subsample': np.float64(0.9099010106178466), 'colsample_bytree': np.float64(0.7380819985464547), 'min_child_weight': 1}"
346,7,0.06105450329101332,0.9099010106178466,0.7380819985464547,1,0.8063858695652174,0.8163129973474801,0.8105726872246696,0.8083832335329342,0.8055367994598245,0.8094383174260251,0.0038522850690863625,4,0.9133167907361456,0.9162886597938145,0.9152095018145826,0.9140695666474796,0.914002478314746,0.9145773994613536,0.0010493358051783086,108,1.8059442520141602,0.045184706003403484,0.06992387771606445,0.007846419237944439,"{'n_estimators': 346, 'max_depth': 7, 'learning_rate': np.float64(0.06105450329101332), 'subsample': np.float64(0.9099010106178466), 'colsample_bytree': np.float64(0.7380819985464547), 'min_child_weight': 1}"
346,7,0.06105450329101332,0.9099010106178466,0.7380819985464547,1,0.8063858695652174,0.8163129973474801,0.8105726872246696,0.8083832335329342,0.8055367994598245,0.8094383174260251,0.0038522850690863625,4,0.9133167907361456,0.9162886597938145,0.9152095018145826,0.9140695666474796,0.914002478314746,0.9145773994613536,0.0010493358051783086,108,1.8059442520141602,0.045184706003403484,0.06992387771606445,0.007846419237944439,"{'n_estimators': 346, 'max_depth': 7, 'learning_rate': np.float64(0.06105450329101332), 'subsample': np.float64(0.9099010106178466), 'colsample_bytree': np.float64(0.7380819985464547), 'min_child_weight': 1}"
346,7,0.06105450329101332,0.9099010106178466,0.7380819985464547,1,0.8063858695652174,0.8163129973474801,0.8105726872246696,0.8083832335329342,0.8055367994598245,0.8094383174260251,0.0038522850690863625,4,0.9133167907361456,0.9162886597938145,0.9152095018145826,0.9140695666474796,0.914002478314746,0.9145773994613536,0.0010493358051783086,108,1.8059442520141602,0.045184706003403484,0.06992387771606445,0.007846419237944439,"{'n_estimators': 346, 'max_depth': 7, 'learning_rate': np.float64(0.06105450329101332), 'subsample': np.float64(0.9099010106178466), 'colsample_bytree': np.float64(0.7380819985464547), 'min_child_weight': 1}"
346,7,0.06105450329101332,0.9099010106178466,0.7380819985464547,1,0.8063858695652174,0.8163129973474801,0.8105726872246696,0.8083832335329342,0.8055367994598245,0.8094383174260251,0.0038522850690863625,4,0.9133167907361456,0.9162886597938145,0.9152095018145826,0.9140695666474796,0.914002478314746,0.9145773994613536,0.0010493358051783086,108,1.8059442520141602,0.045184706003403484,0.06992387771606445,0.007846419237944439,"{'n_estimators': 346, 'max_depth': 7, 'learning_rate': np.float64(0.06105450329101332), 'subsample': np.float64(0.9099010106178466), 'colsample_bytree': np.float64(0.7380819985464547), 'min_child_weight': 1}"
346,7,0.06105450329101332,0.9099010106178466,0.7380819985464547,1,0.8063858695652174,0.8163129973474801,0.8105726872246696,0.8083832335329342,0.8055367994598245,0.8094383174260251,0.0038522850690863625,4,0.9133167907361456,0.9162886597938145,0.9152095018145826,0.9140695666474796,0.914002478314746,0.9145773994613536,0.0010493358051783086,108,1.8059442520141602,0.045184706003403484,0.06992387771606445,0.007846419237944439,"{'n_estimators': 346, 'max_depth': 7, 'learning_rate': np.float64(0.06105450329101332), 'subsample': np.float64(0.9099010106178466), 'colsample_bytree': np.float64(0.7380819985464547), 'min_child_weight': 1}"
346,7,0.06105450329101332,0.9099010106178466,0.7380819985464547,1,0.8063858695652174,0.8163129973474801,0.8105726872246696,0.8083832335329342,0.8055367994598245,0.8094383174260251,0.0038522850690863625,4,0.9133167907361456,0.9162886597938145,0.9152095018145826,0.9140695666474796,0.914002478314746,0.9145773994613536,0.0010493358051783086,108,1.8059442520141602,0.045184706003403484,0.06992387771606445,0.007846419237944439,"{'n_estimators': 346, 'max_depth': 7, 'learning_rate': np.float64(0.06105450329101332), 'subsample': np.float64(0.9099010106178466), 'colsample_bytree': np.float64(0.7380819985464547), 'min_child_weight': 1}"
346,7,0.06105450329101332,0.9099010106178466,0.7380819985464547,1,0.8063858695652174,0.8163129973474801,0.8105726872246696,0.8083832335329342,0.8055367994598245,0.8094383174260251,0.0038522850690863625,4,0.9133167907361456,0.9162886597938145,0.9152095018145826,0.9140695666474796,0.914002478314746,0.9145773994613536,0.0010493358051783086,108,1.8059442520141602,0.045184706003403484,0.06992387771606445,0.007846419237944439,"{'n_estimators': 346, 'max_depth': 7, 'learning_rate': np.float64(0.06105450329101332), 'subsample': np.float64(0.9099010106178466), 'colsample_bytree': np.float64(0.7380819985464547), 'min_child_weight': 1}"
346,7,0.06105450329101332,0.9099010106178466,0.7380819985464547,1,0.8063858695652174,0.8163129973474801,0.8105726872246696,0.8083832335329342,0.8055367994598245,0.8094383174260251,0.0038522850690863625,4,0.9133167907361456,0.9162886597938145,0.9152095018145826,0.9140695666474796,0.914002478314746,0.9145773994613536,0.0010493358051783086,108,1.8059442520141602,0.045184706003403484,0.06992387771606445,0.007846419237944439,"{'n_estimators': 346, 'max_depth': 7, 'learning_rate': np.float64(0.06105450329101332), 'subsample': np.float64(0.9099010106178466), 'colsample_bytree': np.float64(0.7380819985464547), 'min_child_weight': 1}"
346,7,0.06105450329101332,0.9099010106178466,0.7380819985464547,1,0.8063858695652174,0.8163129973474801,0.8105726872246696,0.8083832335329342,0.8055367994598245,0.8094383174260251,0.0038522850690863625,4,0.9133167907361456,0.9162886597938145,0.9152095018145826,0.9140695666474796,0.914002478314746,0.9145773994613536,0.0010493358051783086,108,1.8059442520141602,0.045184706003403484,0.06992387771606445,0.007846419237944439,"{'n_estimators': 346, 'max_depth': 7, 'learning_rate': np.float64(0.06105450329101332), 'subsample': np.float64(0.9099010106178466), 'colsample_bytree': np.float64(0.7380819985464547), 'min_child_weight': 1}"
346,7,0.06105450329101332,0.9099010106178466,0.7380819985464547,1,0.8063858695652174,0.8163129973474801,0.8105726872246696,0.8083832335329342,0.8055367994598245,0.8094383174260251,0.0038522850690863625,4,0.9133167907361456,0.9162886597938145,0.9152095018145826,0.9140695666474796,0.914002478314746,0.9145773994613536,0.0010493358051783086,108,1.8059442520141602,0.045184706003403484,0.06992387771606445,0.007846419237944439,"{'n_estimators': 346, 'max_depth': 7, 'learning_rate': np.float64(0.06105450329101332), 'subsample': np.float64(0.9099010106178466), 'colsample_bytree': np.float64(0.7380819985464547), 'min_child_weight': 1}"
346,7,0.06105450329101332,0.9099010106178466,0.7380819985464547,1,0.8063858695652174,0.8163129973474801,0.8105726872246696,0.8083832335329342,0.8055367994598245,0.8094383174260251,0.0038522850690863625,4,0.9133167907361456,0.9162886597938145,0.9152095018145826,0.9140695666474796,0.914002478314746,0.9145773994613536,0.0010493358051783086,108,1.8059442520141602,0.045184706003403484,0.06992387771606445,0.007846419237944439,"{'n_estimators': 346, 'max_depth': 7, 'learning_rate': np.float64(0.06105450329101332), 'subsample': np.float64(0.9099010106178466), 'colsample_bytree': np.float64(0.7380819985464547), 'min_child_weight': 1}"
346,7,0.06105450329101332,0.9099010106178466,0.7380819985464547,1,0.8063858695652174,0.8163129973474801,0.8105726872246696,0.8083832335329342,0.8055367994598245,0.8094383174260251,0.0038522850690863625,4,0.9133167907361456,0.9162886597938145,0.9152095018145826,0.9140695666474796,0.914002478314746,0.9145773994613536,0.0010493358051783086,108,1.8059442520141602,0.045184706003403484,0.06992387771606445,0.007846419237944439,"{'n_estimators': 346, 'max_depth': 7, 'learning_rate': np.float64(0.06105450329101332), 'subsample': np.float64(0.9099010106178466), 'colsample_bytree': np.float64(0.7380819985464547), 'min_child_weight': 1}"
346,7,0.06105450329101332,0.9099010106178466,0.7380819985464547,1,0.8063858695652174,0.8163129973474801,0.8105726872246696,0.8083832335329342,0.8055367994598245,0.8094383174260251,0.0038522850690863625,4,0.9133167907361456,0.9162886597938145,0.9152095018145826,0.9140695666474796,0.914002478314746,0.9145773994613536,0.0010493358051783086,108,1.8059442520141602,0.045184706003403484,0.06992387771606445,0.007846419237944439,"{'n_estimators': 346, 'max_depth': 7, 'learning_rate': np.float64(0.06105450329101332), 'subsample': np.float64(0.9099010106178466), 'colsample_bytree': np.float64(0.7380819985464547), 'min_child_weight': 1}"
346,7,0.06105450329101332,0.9099010106178466,0.7380819985464547,1,0.8063858695652174,0.8163129973474801,0.8105726872246696,0.8083832335329342,0.8055367994598245,0.8094383174260251,0.0038522850690863625,4,0.9133167907361456,0.9162886597938145,0.9152095018145826,0.9140695666474796,0.914002478314746,0.9145773994613536,0.0010493358051783086,108,1.8059442520141602,0.045184706003403484,0.06992387771606445,0.007846419237944439,"{'n_estimators': 346, 'max_depth': 7, 'learning_rate': np.float64(0.06105450329101332), 'subsample': np.float64(0.9099010106178466), 'colsample_bytree': np.float64(0.7380819985464547), 'min_child_weight': 1}"
346,7,0.06105450329101332,0.9099010106178466,0.7380819985464547,1,0.8063858695652174,0.8163129973474801,0.8105726872246696,0.8083832335329342,0.8055367994598245,0.8094383174260251,0.0038522850690863625,4,0.9133167907361456,0.9162886597938145,0.9152095018145826,0.9140695666474796,0.914002478314746,0.9145773994613536,0.0010493358051783086,108,1.8059442520141602,0.045184706003403484,0.06992387771606445,0.007846419237944439,"{'n_estimators': 346, 'max_depth': 7, 'learning_rate': np.float64(0.06105450329101332), 'subsample': np.float64(0.9099010106178466), 'colsample_bytree': np.float64(0.7380819985464547), 'min_child_weight': 1}"
346,7,0.06105450329101332,0.9099010106178466,0.7380819985464547,1,0.8063858695652174,0.8163129973474801,0.8105726872246696,0.8083832335329342,0.8055367994598245,0.8094383174260251,0.0038522850690863625,4,0.9133167907361456,0.9162886597938145,0.9152095018145826,0.9140695666474796,0.914002478314746,0.9145773994613536,0.0010493358051783086,108,1.8059442520141602,0.045184706003403484,0.06992387771606445,0.007846419237944439,"{'n_estimators': 346, 'max_depth': 7, 'learning_rate': np.float64(0.06105450329101332), 'subsample': np.float64(0.9099010106178466), 'colsample_bytree': np.float64(0.7380819985464547), 'min_child_weight': 1}"
346,7,0.06105450329101332,0.9099010106178466,0.7380819985464547,1,0.8063858695652174,0.8163129973474801,0.8105726872246696,0.8083832335329342,0.8055367994598245,0.8094383174260251,0.0038522850690863625,4,0.9133167907361456,0.9162886597938145,0.9152095018145826,0.9140695666474796,0.914002478314746,0.9145773994613536,0.0010493358051783086,108,1.8059442520141602,0.045184706003403484,0.06992387771606445,0.007846419237944439,"{'n_estimators': 346, 'max_depth': 7, 'learning_rate': np.float64(0.06105450329101332), 'subsample': np.float64(0.9099010106178466), 'colsample_bytree': np.float64(0.7380819985464547), 'min_child_weight': 1}"
346,7,0.06105450329101332,0.9099010106178466,0.7380819985464547,1,0.8063858695652174,0.8163129973474801,0.8105726872246696,0.8083832335329342,0.8055367994598245,0.8094383174260251,0.0038522850690863625,4,0.9133167907361456,0.9162886597938145,0.9152095018145826,0.9140695666474796,0.914002478314746,0.9145773994613536,0.0010493358051783086,108,1.8059442520141602,0.045184706003403484,0.06992387771606445,0.007846419237944439,"{'n_estimators': 346, 'max_depth': 7, 'learning_rate': np.float64(0.06105450329101332), 'subsample': np.float64(0.9099010106178466), 'colsample_bytree': np.float64(0.7380819985464547), 'min_child_weight': 1}"
346,4,0.06105450329101332,0.9099010106178466,0.7380819985464547,1,0.7995916978564137,0.8046901172529313,0.804503582395087,0.806841046277666,0.7983734327346662,0.8027999753033528,0.0032463053344050107,520,0.829008536894599,0.8291733649208901,0.8295569834291512,0.8275512788047606,0.829008536894599,0.8288597401888002,0.0006842310606263703,530,1.3190081119537354,0.057783421367359554,0.041196775436401364,0.0069385101493188266,"{'n_estimators': 346, 'max_depth': 4, 'learning_rate': np.float64(0.06105450329101332), 'subsample': np.float64(0.9099010106178466), 'colsample_bytree': np.float64(0.7380819985464547), 'min_child_weight': 1}"
346,7,0.06105450329101332,0.9099010106178466,0.7380819985464547,1,0.8063858695652174,0.8163129973474801,0.8105726872246696,0.8083832335329342,0.8055367994598245,0.8094383174260251,0.0038522850690863625,4,0.9133167907361456,0.9162886597938145,0.9152095018145826,0.9140695666474796,0.914002478314746,0.9145773994613536,0.0010493358051783086,108,1.8059442520141602,0.045184706003403484,0.06992387771606445,0.007846419237944439,"{'n_estimators': 346, 'max_depth': 7, 'learning_rate': np.float64(0.06105450329101332), 'subsample': np.float64(0.9099010106178466), 'colsample_bytree': np.float64(0.7380819985464547), 'min_child_weight': 1}"
346,7,0.06105450329101332,0.9099010106178466,0.7380819985464547,1,0.8063858695652174,0.8163129973474801,0.8105726872246696,0.8083832335329342,0.8055367994598245,0.8094383174260251,0.0038522850690863625,4,0.9133167907361456,0.9162886597938145,0.9152095018145826,0.9140695666474796,0.914002478314746,0.9145773994613536,0.0010493358051783086,108,1.8059442520141602,0.045184706003403484,0.06992387771606445,0.007846419237944439,"{'n_estimators': 346, 'max_depth': 7, 'learning_rate': np.float64(0.06105450329101332), 'subsample': np.float64(0.9099010106178466), 'colsample_bytree': np.float64(0.7380819985464547), 'min_child_weight': 1}"
346,7,0.06105450329101332,0.9099010106178466,0.7380819985464547,1,0.8063858695652174,0.8163129973474801,0.8105726872246696,0.8083832335329342,0.8055367994598245,0.8094383174260251,0.0038522850690863625,4,0.9133167907361456,0.9162886597938145,0.9152095018145826,0.9140695666474796,0.914002478314746,0.9145773994613536,0.0010493358051783086,108,1.8059442520141602,0.045184706003403484,0.06992387771606445,0.007846419237944439,"{'n_estimators': 346, 'max_depth': 7, 'learning_rate': np.float64(0.06105450329101332), 'subsample': np.float64(0.9099010106178466), 'colsample_bytree': np.float64(0.7380819985464547), 'min_child_weight': 1}"
346,7,0.06105450329101332,0.9099010106178466,0.7380819985464547,1,0.8063858695652174,0.8163129973474801,0.8105726872246696,0.8083832335329342,0.8055367994598245,0.8094383174260251,0.0038522850690863625,4,0.9133167907361456,0.9162886597938145,0.9152095018145826,0.9140695666474796,0.914002478314746,0.9145773994613536,0.0010493358051783086,108,1.8059442520141602,0.045184706003403484,0.06992387771606445,0.007846419237944439,"{'n_estimators': 346, 'max_depth': 7, 'learning_rate': np.float64(0.06105450329101332), 'subsample': np.float64(0.9099010106178466), 'colsample_bytree': np.float64(0.7380819985464547), 'min_child_weight': 1}"
346,7,0.06105450329101332,0.9099010106178466,0.7380819985464547,1,0.8063858695652174,0.8163129973474801,0.8105726872246696,0.8083832335329342,0.8055367994598245,0.8094383174260251,0.0038522850690863625,4,0.9133167907361456,0.9162886597938145,0.9152095018145826,0.9140695666474796,0.914002478314746,0.9145773994613536,0.0010493358051783086,108,1.8059442520141602,0.045184706003403484,0.06992387771606445,0.007846419237944439,"{'n_estimators': 346, 'max_depth': 7, 'learning_rate': np.float64(0.06105450329101332), 'subsample': np.float64(0.9099010106178466), 'colsample_bytree': np.float64(0.7380819985464547), 'min_child_weight': 1}"
346,7,0.06105450329101332,0.9099010106178466,0.7380819985464547,1,0.8063858695652174,0.8163129973474801,0.8105726872246696,0.8083832335329342,0.8055367994598245,0.8094383174260251,0.0038522850690863625,4,0.9133167907361456,0.9162886597938145,0.9152095018145826,0.9140695666474796,0.914002478314746,0.9145773994613536,0.0010493358051783086,108,1.8059442520141602,0.045184706003403484,0.06992387771606445,0.007846419237944439,"{'n_estimators': 346, 'max_depth': 7, 'learning_rate': np.float64(0.06105450329101332), 'subsample': np.float64(0.9099010106178466), 'colsample_bytree': np.float64(0.7380819985464547), 'min_child_weight': 1}"
346,7,0.06105450329101332,0.9099010106178466,0.7380819985464547,1,0.8063858695652174,0.8163129973474801,0.8105726872246696,0.8083832335329342,0.8055367994598245,0.8094383174260251,0.0038522850690863625,4,0.9133167907361456,0.9162886597938145,0.9152095018145826,0.9140695666474796,0.914002478314746,0.9145773994613536,0.0010493358051783086,108,1.8059442520141602,0.045184706003403484,0.06992387771606445,0.007846419237944439,"{'n_estimators': 346, 'max_depth': 7, 'learning_rate': np.float64(0.06105450329101332), 'subsample': np.float64(0.9099010106178466), 'colsample_bytree': np.float64(0.7380819985464547), 'min_child_weight': 1}"
346,7,0.06105450329101332,0.9099010106178466,0.7380819985464547,1,0.8063858695652174,0.8163129973474801,0.8105726872246696,0.8083832335329342,0.8055367994598245,0.8094383174260251,0.0038522850690863625,4,0.9133167907361456,0.9162886597938145,0.9152095018145826,0.9140695666474796,0.914002478314746,0.9145773994613536,0.0010493358051783086,108,1.8059442520141602,0.045184706003403484,0.06992387771606445,0.007846419237944439,"{'n_estimators': 346, 'max_depth': 7, 'learning_rate': np.float64(0.06105450329101332), 'subsample': np.float64(0.9099010106178466), 'colsample_bytree': np.float64(0.7380819985464547), 'min_child_weight': 1}"
346,7,0.06105450329101332,0.9099010106178466,0.7380819985464547,1,0.8063858695652174,0.8163129973474801,0.8105726872246696,0.8083832335329342,0.8055367994598245,0.8094383174260251,0.0038522850690863625,4,0.9133167907361456,0.9162886597938145,0.9152095018145826,0.9140695666474796,0.914002478314746,0.9145773994613536,0.0010493358051783086,108,1.8059442520141602,0.045184706003403484,0.06992387771606445,0.007846419237944439,"{'n_estimators': 346, 'max_depth': 7, 'learning_rate': np.float64(0.06105450329101332), 'subsample': np.float64(0.9099010106178466), 'colsample_bytree': np.float64(0.7380819985464547), 'min_child_weight': 1}"
346,7,0.06105450329101332,0.9099010106178466,0.7380819985464547,1,0.8063858695652174,0.8163129973474801,0.8105726872246696,0.8083832335329342,0.8055367994598245,0.8094383174260251,0.0038522850690863625,4,0.9133167907361456,0.9162886597938145,0.9152095018145826,0.9140695666474796,0.914002478314746,0.9145773994613536,0.0010493358051783086,108,1.8059442520141602,0.045184706003403484,0.06992387771606445,0.007846419237944439,"{'n_estimators': 346, 'max_depth': 7, 'learning_rate': np.float64(0.06105450329101332), 'subsample': np.float64(0.9099010106178466), 'colsample_bytree': np.float64(0.7380819985464547), 'min_child_weight': 1}"
346,7,0.06105450329101332,0.9099010106178466,0.7380819985464547,1,0.8063858695652174,0.8163129973474801,0.8105726872246696,0.8083832335329342,0.8055367994598245,0.8094383174260251,0.0038522850690863625,4,0.9133167907361456,0.9162886597938145,0.9152095018145826,0.9140695666474796,0.914002478314746,0.9145773994613536,0.0010493358051783086,108,1.8059442520141602,0.045184706003403484,0.06992387771606445,0.007846419237944439,"{'n_estimators': 346, 'max_depth': 7, 'learning_rate': np.float64(0.06105450329101332), 'subsample': np.float64(0.9099010106178466), 'colsample_bytree': np.float64(0.7380819985464547), 'min_child_weight': 1}"
346,7,0.06105450329101332,0.9099010106178466,0.7380819985464547,1,0.8063858695652174,0.8163129973474801,0.8105726872246696,0.8083832335329342,0.8055367994598245,0.8094383174260251,0.0038522850690863625,4,0.9133167907361456,0.9162886597938145,0.9152095018145826,0.9140695666474796,0.914002478314746,0.9145773994613536,0.0010493358051783086,108,1.8059442520141602,0.045184706003403484,0.06992387771606445,0.007846419237944439,"{'n_estimators': 346, 'max_depth': 7, 'learning_rate': np.float64(0.06105450329101332), 'subsample': np.float64(0.9099010106178466), 'colsample_bytree': np.float64(0.7380819985464547), 'min_child_weight': 1}"
346,7,0.06105450329101332,0.9099010106178466,0.7380819985464547,1,0.8063858695652174,0.8163129973474801,0.8105726872246696,0.8083832335329342,0.8055367994598245,0.8094383174260251,0.0038522850690863625,4,0.9133167907361456,0.9162886597938145,0.9152095018145826,0.9140695666474796,0.914002478314746,0.9145773994613536,0.0010493358051783086,108,1.8059442520141602,0.045184706003403484,0.06992387771606445,0.007846419237944439,"{'n_estimators': 346, 'max_depth': 7, 'learning_rate': np.float64(0.06105450329101332), 'subsample': np.float64(0.9099010106178466), 'colsample_bytree': np.float64(0.7380819985464547), 'min_child_weight': 1}"
346,7,0.06105450329101332,0.9099010106178466,0.7380819985464547,1,0.8063858695652174,0.8163129973474801,0.8105726872246696,0.8083832335329342,0.8055367994598245,0.8094383174260251,0.0038522850690863625,4,0.9133167907361456,0.9162886597938145,0.9152095018145826,0.9140695666474796,0.914002478314746,0.9145773994613536,0.0010493358051783086,108,1.8059442520141602,0.045184706003403484,0.06992387771606445,0.007846419237944439,"{'n_estimators': 346, 'max_depth': 7, 'learning_rate': np.float64(0.06105450329101332), 'subsample': np.float64(0.9099010106178466), 'colsample_bytree': np.float64(0.7380819985464547), 'min_child_weight': 1}"
346,7,0.06105450329101332,0.9099010106178466,0.7380819985464547,1,0.8063858695652174,0.8163129973474801,0.8105726872246696,0.8083832335329342,0.8055367994598245,0.8094383174260251,0.0038522850690863625,4,0.9133167907361456,0.9162886597938145,0.9152095018145826,0.9140695666474796,0.914002478314746,0.9145773994613536,0.0010493358051783086,108,1.8059442520141602,0.045184706003403484,0.06992387771606445,0.007846419237944439,"{'n_estimators': 346, 'max_depth': 7, 'learning_rate': np.float64(0.06105450329101332), 'subsample': np.float64(0.9099010106178466), 'colsample_bytree': np.float64(0.7380819985464547), 'min_child_weight': 1}"
346,7,0.06105450329101332,0.9099010106178466,0.7380819985464547,1,0.8063858695652174,0.8163129973474801,0.8105726872246696,0.8083832335329342,0.8055367994598245,0.8094383174260251,0.0038522850690863625,4,0.9133167907361456,0.9162886597938145,0.9152095018145826,0.9140695666474796,0.914002478314746,0.9145773994613536,0.0010493358051783086,108,1.8059442520141602,0.045184706003403484,0.06992387771606445,0.007846419237944439,"{'n_estimators': 346, 'max_depth': 7, 'learning_rate': np.float64(0.06105450329101332), 'subsample': np.float64(0.9099010106178466), 'colsample_bytree': np.float64(0.7380819985464547), 'min_child_weight': 1}"
346,7,0.06105450329101332,0.9099010106178466,0.7380819985464547,1,0.8063858695652174,0.8163129973474801,0.8105726872246696,0.8083832335329342,0.8055367994598245,0.8094383174260251,0.0038522850690863625,4,0.9133167907361456,0.9162886597938145,0.9152095018145826,0.9140695666474796,0.914002478314746,0.9145773994613536,0.0010493358051783086,108,1.8059442520141602,0.045184706003403484,0.06992387771606445,0.007846419237944439,"{'n_estimators': 346, 'max_depth': 7, 'learning_rate': np.float64(0.06105450329101332), 'subsample': np.float64(0.9099010106178466), 'colsample_bytree': np.float64(0.7380819985464547), 'min_child_weight': 1}"
346,7,0.06105450329101332,0.9099010106178466,0.7380819985464547,1,0.8063858695652174,0.8163129973474801,0.8105726872246696,0.8083832335329342,0.8055367994598245,0.8094383174260251,0.0038522850690863625,4,0.9133167907361456,0.9162886597938145,0.9152095018145826,0.9140695666474796,0.914002478314746,0.9145773994613536,0.0010493358051783086,108,1.8059442520141602,0.045184706003403484,0.06992387771606445,0.007846419237944439,"{'n_estimators': 346, 'max_depth': 7, 'learning_rate': np.float64(0.06105450329101332), 'subsample': np.float64(0.9099010106178466), 'colsample_bytree': np.float64(0.7380819985464547), 'min_child_weight': 1}"
346,7,0.06105450329101332,0.9099010106178466,0.7380819985464547,1,0.8063858695652174,0.8163129973474801,0.8105726872246696,0.8083832335329342,0.8055367994598245,0.8094383174260251,0.0038522850690863625,4,0.9133167907361456,0.9162886597938145,0.9152095018145826,0.9140695666474796,0.914002478314746,0.9145773994613536,0.0010493358051783086,108,1.8059442520141602,0.045184706003403484,0.06992387771606445,0.007846419237944439,"{'n_estimators': 346, 'max_depth': 7, 'learning_rate': np.float64(0.06105450329101332), 'subsample': np.float64(0.9099010106178466), 'colsample_bytree': np.float64(0.7380819985464547), 'min_child_weight': 1}"
346,7,0.06105450329101332,0.9099010106178466,0.7380819985464547,1,0.8063858695652174,0.8163129973474801,0.8105726872246696,0.8083832335329342,0.8055367994598245,0.8094383174260251,0.0038522850690863625,4,0.9133167907361456,0.9162886597938145,0.9152095018145826,0.9140695666474796,0.914002478314746,0.9145773994613536,0.0010493358051783086,108,1.8059442520141602,0.045184706003403484,0.06992387771606445,0.007846419237944439,"{'n_estimators': 346, 'max_depth': 7, 'learning_rate': np.float64(0.06105450329101332), 'subsample': np.float64(0.9099010106178466), 'colsample_bytree': np.float64(0.7380819985464547), 'min_child_weight': 1}"
346,7,0.06105450329101332,0.9099010106178466,0.7380819985464547,1,0.8063858695652174,0.8163129973474801,0.8105726872246696,0.8083832335329342,0.8055367994598245,0.8094383174260251,0.0038522850690863625,4,0.9133167907361456,0.9162886597938145,0.9152095018145826,0.9140695666474796,0.914002478314746,0.9145773994613536,0.0010493358051783086,108,1.8059442520141602,0.045184706003403484,0.06992387771606445,0.007846419237944439,"{'n_estimators': 346, 'max_depth': 7, 'learning_rate': np.float64(0.06105450329101332), 'subsample': np.float64(0.9099010106178466), 'colsample_bytree': np.float64(0.7380819985464547), 'min_child_weight': 1}"
346,7,0.06105450329101332,0.9099010106178466,0.7380819985464547,1,0.8063858695652174,0.8163129973474801,0.8105726872246696,0.8083832335329342,0.8055367994598245,0.8094383174260251,0.0038522850690863625,4,0.9133167907361456,0.9162886597938145,0.9152095018145826,0.9140695666474796,0.914002478314746,0.9145773994613536,0.0010493358051783086,108,1.8059442520141602,0.045184706003403484,0.06992387771606445,0.007846419237944439,"{'n_estimators': 346, 'max_depth': 7, 'learning_rate': np.float64(0.06105450329101332), 'subsample': np.float64(0.9099010106178466), 'colsample_bytree': np.float64(0.7380819985464547), 'min_child_weight': 1}"
346,7,0.06105450329101332,0.9099010106178466,0.7380819985464547,1,0.8063858695652174,0.8163129973474801,0.8105726872246696,0.8083832335329342,0.8055367994598245,0.8094383174260251,0.0038522850690863625,4,0.9133167907361456,0.9162886597938145,0.9152095018145826,0.9140695666474796,0.914002478314746,0.9145773994613536,0.0010493358051783086,108,1.8059442520141602,0.045184706003403484,0.06992387771606445,0.007846419237944439,"{'n_estimators': 346, 'max_depth': 7, 'learning_rate': np.float64(0.06105450329101332), 'subsample': np.float64(0.9099010106178466), 'colsample_bytree': np.float64(0.7380819985464547), 'min_child_weight': 1}"
346,7,0.06105450329101332,0.9099010106178466,0.7380819985464547,1,0.8063858695652174,0.8163129973474801,0.8105726872246696,0.8083832335329342,0.8055367994598245,0.8094383174260251,0.0038522850690863625,4,0.9133167907361456,0.9162886597938145,0.9152095018145826,0.9140695666474796,0.914002478314746,0.9145773994613536,0.0010493358051783086,108,1.8059442520141602,0.045184706003403484,0.06992387771606445,0.007846419237944439,"{'n_estimators': 346, 'max_depth': 7, 'learning_rate': np.float64(0.06105450329101332), 'subsample': np.float64(0.9099010106178466), 'colsample_bytree': np.float64(0.7380819985464547), 'min_child_weight': 1}"
346,7,0.06105450329101332,0.9099010106178466,0.7380819985464547,1,0.8063858695652174,0.8163129973474801,0.8105726872246696,0.8083832335329342,0.8055367994598245,0.8094383174260251,0.0038522850690863625,4,0.9133167907361456,0.9162886597938145,0.9152095018145826,0.9140695666474796,0.914002478314746,0.9145773994613536,0.0010493358051783086,108,1.8059442520141602,0.045184706003403484,0.06992387771606445,0.007846419237944439,"{'n_estimators': 346, 'max_depth': 7, 'learning_rate': np.float64(0.06105450329101332), 'subsample': np.float64(0.9099010106178466), 'colsample_bytree': np.float64(0.7380819985464547), 'min_child_weight': 1}"
346,7,0.06105450329101332,0.9099010106178466,0.7380819985464547,1,0.8063858695652174,0.8163129973474801,0.8105726872246696,0.8083832335329342,0.8055367994598245,0.8094383174260251,0.0038522850690863625,4,0.9133167907361456,0.9162886597938145,0.9152095018145826,0.9140695666474796,0.914002478314746,0.9145773994613536,0.0010493358051783086,108,1.8059442520141602,0.045184706003403484,0.06992387771606445,0.007846419237944439,"{'n_estimators': 346, 'max_depth': 7, 'learning_rate': np.float64(0.06105450329101332), 'subsample': np.float64(0.9099010106178466), 'colsample_bytree': np.float64(0.7380819985464547), 'min_child_weight': 1}"
346,7,0.06105450329101332,0.9099010106178466,0.7380819985464547,1,0.8063858695652174,0.8163129973474801,0.8105726872246696,0.8083832335329342,0.8055367994598245,0.8094383174260251,0.0038522850690863625,4,0.9133167907361456,0.9162886597938145,0.9152095018145826,0.9140695666474796,0.914002478314746,0.9145773994613536,0.0010493358051783086,108,1.8059442520141602,0.045184706003403484,0.06992387771606445,0.007846419237944439,"{'n_estimators': 346, 'max_depth': 7, 'learning_rate': np.float64(0.06105450329101332), 'subsample': np.float64(0.9099010106178466), 'colsample_bytree': np.float64(0.7380819985464547), 'min_child_weight': 1}"
346,7,0.06105450329101332,0.9099010106178466,0.7380819985464547,1,0.8063858695652174,0.8163129973474801,0.8105726872246696,0.8083832335329342,0.8055367994598245,0.8094383174260251,0.0038522850690863625,4,0.9133167907361456,0.9162886597938145,0.9152095018145826,0.9140695666474796,0.914002478314746,0.9145773994613536,0.0010493358051783086,108,1.8059442520141602,0.045184706003403484,0.06992387771606445,0.007846419237944439,"{'n_estimators': 346, 'max_depth': 7, 'learning_rate': np.float64(0.06105450329101332), 'subsample': np.float64(0.9099010106178466), 'colsample_bytree': np.float64(0.7380819985464547), 'min_child_weight': 1}"
346,7,0.06105450329101332,0.9099010106178466,0.7380819985464547,1,0.8063858695652174,0.8163129973474801,0.8105726872246696,0.8083832335329342,0.8055367994598245,0.8094383174260251,0.0038522850690863625,4,0.9133167907361456,0.9162886597938145,0.9152095018145826,0.9140695666474796,0.914002478314746,0.9145773994613536,0.0010493358051783086,108,1.8059442520141602,0.045184706003403484,0.06992387771606445,0.007846419237944439,"{'n_estimators': 346, 'max_depth': 7, 'learning_rate': np.float64(0.06105450329101332), 'subsample': np.float64(0.9099010106178466), 'colsample_bytree': np.float64(0.7380819985464547), 'min_child_weight': 1}"
346,7,0.06105450329101332,0.9099010106178466,0.7380819985464547,1,0.8063858695652174,0.8163129973474801,0.8105726872246696,0.8083832335329342,0.8055367994598245,0.8094383174260251,0.0038522850690863625,4,0.9133167907361456,0.9162886597938145,0.9152095018145826,0.9140695666474796,0.914002478314746,0.9145773994613536,0.0010493358051783086,108,1.8059442520141602,0.045184706003403484,0.06992387771606445,0.007846419237944439,"{'n_estimators': 346, 'max_depth': 7, 'learning_rate': np.float64(0.06105450329101332), 'subsample': np.float64(0.9099010106178466), 'colsample_bytree': np.float64(0.7380819985464547), 'min_child_weight': 1}"
346,7,0.06105450329101332,0.9099010106178466,0.7380819985464547,1,0.8063858695652174,0.8163129973474801,0.8105726872246696,0.8083832335329342,0.8055367994598245,0.8094383174260251,0.0038522850690863625,4,0.9133167907361456,0.9162886597938145,0.9152095018145826,0.9140695666474796,0.914002478314746,0.9145773994613536,0.0010493358051783086,108,1.8059442520141602,0.045184706003403484,0.06992387771606445,0.007846419237944439,"{'n_estimators': 346, 'max_depth': 7, 'learning_rate': np.float64(0.06105450329101332), 'subsample': np.float64(0.9099010106178466), 'colsample_bytree': np.float64(0.7380819985464547), 'min_child_weight': 1}"
346,7,0.06105450329101332,0.9099010106178466,0.7380819985464547,1,0.8063858695652174,0.8163129973474801,0.8105726872246696,0.8083832335329342,0.8055367994598245,0.8094383174260251,0.0038522850690863625,4,0.9133167907361456,0.9162886597938145,0.9152095018145826,0.9140695666474796,0.914002478314746,0.9145773994613536,0.0010493358051783086,108,1.8059442520141602,0.045184706003403484,0.06992387771606445,0.007846419237944439,"{'n_estimators': 346, 'max_depth': 7, 'learning_rate': np.float64(0.06105450329101332), 'subsample': np.float64(0.9099010106178466), 'colsample_bytree': np.float64(0.7380819985464547), 'min_child_weight': 1}"
346,7,0.06105450329101332,0.9099010106178466,0.7380819985464547,2,0.8047377326565144,0.8095872170439414,0.8098159509202454,0.8111888111888111,0.8013490725126475,0.8073357568644319,0.0037055791027544535,340,0.905920451714689,0.904726429931297,0.9061697722567288,0.9061750847317517,0.9031615633557382,0.9052306603980409,0.001164911275575537,341,1.8780515670776368,0.1407843343771929,0.06923041343688965,0.011007633173675408,"{'n_estimators': 346, 'max_depth': 7, 'learning_rate': np.float64(0.06105450329101332), 'subsample': np.float64(0.9099010106178466), 'colsample_bytree': np.float64(0.7380819985464547), 'min_child_weight': 2}"
346,7,0.06105450329101332,0.9099010106178466,0.7380819985464547,1,0.8063858695652174,0.8163129973474801,0.8105726872246696,0.8083832335329342,0.8055367994598245,0.8094383174260251,0.0038522850690863625,4,0.9133167907361456,0.9162886597938145,0.9152095018145826,0.9140695666474796,0.914002478314746,0.9145773994613536,0.0010493358051783086,108,1.8059442520141602,0.045184706003403484,0.06992387771606445,0.007846419237944439,"{'n_estimators': 346, 'max_depth': 7, 'learning_rate': np.float64(0.06105450329101332), 'subsample': np.float64(0.9099010106178466), 'colsample_bytree': np.float64(0.7380819985464547), 'min_child_weight': 1}"
346,7,0.06105450329101332,0.9099010106178466,0.7380819985464547,1,0.8063858695652174,0.8163129973474801,0.8105726872246696,0.8083832335329342,0.8055367994598245,0.8094383174260251,0.0038522850690863625,4,0.9133167907361456,0.9162886597938145,0.9152095018145826,0.9140695666474796,0.914002478314746,0.9145773994613536,0.0010493358051783086,108,1.8059442520141602,0.045184706003403484,0.06992387771606445,0.007846419237944439,"{'n_estimators': 346, 'max_depth': 7, 'learning_rate': np.float64(0.06105450329101332), 'subsample': np.float64(0.9099010106178466), 'colsample_bytree': np.float64(0.7380819985464547), 'min_child_weight': 1}"
346,7,0.06105450329101332,0.9099010106178466,0.7380819985464547,1,0.8063858695652174,0.8163129973474801,0.8105726872246696,0.8083832335329342,0.8055367994598245,0.8094383174260251,0.0038522850690863625,4,0.9133167907361456,0.9162886597938145,0.9152095018145826,0.9140695666474796,0.914002478314746,0.9145773994613536,0.0010493358051783086,108,1.8059442520141602,0.045184706003403484,0.06992387771606445,0.007846419237944439,"{'n_estimators': 346, 'max_depth': 7, 'learning_rate': np.float64(0.06105450329101332), 'subsample': np.float64(0.9099010106178466), 'colsample_bytree': np.float64(0.7380819985464547), 'min_child_weight': 1}"
346,7,0.06105450329101332,0.9099010106178466,0.7380819985464547,1,0.8063858695652174,0.8163129973474801,0.8105726872246696,0.8083832335329342,0.8055367994598245,0.8094383174260251,0.0038522850690863625,4,0.9133167907361456,0.9162886597938145,0.9152095018145826,0.9140695666474796,0.914002478314746,0.9145773994613536,0.0010493358051783086,108,1.8059442520141602,0.045184706003403484,0.06992387771606445,0.007846419237944439,"{'n_estimators': 346, 'max_depth': 7, 'learning_rate': np.float64(0.06105450329101332), 'subsample': np.float64(0.9099010106178466), 'colsample_bytree': np.float64(0.7380819985464547), 'min_child_weight': 1}"
346,7,0.06105450329101332,0.9099010106178466,0.7380819985464547,1,0.8063858695652174,0.8163129973474801,0.8105726872246696,0.8083832335329342,0.8055367994598245,0.8094383174260251,0.0038522850690863625,4,0.9133167907361456,0.9162886597938145,0.9152095018145826,0.9140695666474796,0.914002478314746,0.9145773994613536,0.0010493358051783086,108,1.8059442520141602,0.045184706003403484,0.06992387771606445,0.007846419237944439,"{'n_estimators': 346, 'max_depth': 7, 'learning_rate': np.float64(0.06105450329101332), 'subsample': np.float64(0.9099010106178466), 'colsample_bytree': np.float64(0.7380819985464547), 'min_child_weight': 1}"
346,7,0.06105450329101332,0.9099010106178466,0.7380819985464547,1,0.8063858695652174,0.8163129973474801,0.8105726872246696,0.8083832335329342,0.8055367994598245,0.8094383174260251,0.0038522850690863625,4,0.9133167907361456,0.9162886597938145,0.9152095018145826,0.9140695666474796,0.914002478314746,0.9145773994613536,0.0010493358051783086,108,1.8059442520141602,0.045184706003403484,0.06992387771606445,0.007846419237944439,"{'n_estimators': 346, 'max_depth': 7, 'learning_rate': np.float64(0.06105450329101332), 'subsample': np.float64(0.9099010106178466), 'colsample_bytree': np.float64(0.7380819985464547), 'min_child_weight': 1}"
346,7,0.06105450329101332,0.9099010106178466,0.7380819985464547,1,0.8063858695652174,0.8163129973474801,0.8105726872246696,0.8083832335329342,0.8055367994598245,0.8094383174260251,0.0038522850690863625,4,0.9133167907361456,0.9162886597938145,0.9152095018145826,0.9140695666474796,0.914002478314746,0.9145773994613536,0.0010493358051783086,108,1.8059442520141602,0.045184706003403484,0.06992387771606445,0.007846419237944439,"{'n_estimators': 346, 'max_depth': 7, 'learning_rate': np.float64(0.06105450329101332), 'subsample': np.float64(0.9099010106178466), 'colsample_bytree': np.float64(0.7380819985464547), 'min_child_weight': 1}"
346,7,0.06105450329101332,0.9099010106178466,0.7380819985464547,1,0.8063858695652174,0.8163129973474801,0.8105726872246696,0.8083832335329342,0.8055367994598245,0.8094383174260251,0.0038522850690863625,4,0.9133167907361456,0.9162886597938145,0.9152095018145826,0.9140695666474796,0.914002478314746,0.9145773994613536,0.0010493358051783086,108,1.8059442520141602,0.045184706003403484,0.06992387771606445,0.007846419237944439,"{'n_estimators': 346, 'max_depth': 7, 'learning_rate': np.float64(0.06105450329101332), 'subsample': np.float64(0.9099010106178466), 'colsample_bytree': np.float64(0.7380819985464547), 'min_child_weight': 1}"
346,7,0.06105450329101332,0.9099010106178466,0.7380819985464547,1,0.8063858695652174,0.8163129973474801,0.8105726872246696,0.8083832335329342,0.8055367994598245,0.8094383174260251,0.0038522850690863625,4,0.9133167907361456,0.9162886597938145,0.9152095018145826,0.9140695666474796,0.914002478314746,0.9145773994613536,0.0010493358051783086,108,1.8059442520141602,0.045184706003403484,0.06992387771606445,0.007846419237944439,"{'n_estimators': 346, 'max_depth': 7, 'learning_rate': np.float64(0.06105450329101332), 'subsample': np.float64(0.9099010106178466), 'colsample_bytree': np.float64(0.7380819985464547), 'min_child_weight': 1}"
346,7,0.06105450329101332,0.9099010106178466,0.7380819985464547,1,0.8063858695652174,0.8163129973474801,0.8105726872246696,0.8083832335329342,0.8055367994598245,0.8094383174260251,0.0038522850690863625,4,0.9133167907361456,0.9162886597938145,0.9152095018145826,0.9140695666474796,0.914002478314746,0.9145773994613536,0.0010493358051783086,108,1.8059442520141602,0.045184706003403484,0.06992387771606445,0.007846419237944439,"{'n_estimators': 346, 'max_depth': 7, 'learning_rate': np.float64(0.06105450329101332), 'subsample': np.float64(0.9099010106178466), 'colsample_bytree': np.float64(0.7380819985464547), 'min_child_weight': 1}"
346,7,0.06105450329101332,0.9099010106178466,0.7380819985464547,1,0.8063858695652174,0.8163129973474801,0.8105726872246696,0.8083832335329342,0.8055367994598245,0.8094383174260251,0.0038522850690863625,4,0.9133167907361456,0.9162886597938145,0.9152095018145826,0.9140695666474796,0.914002478314746,0.9145773994613536,0.0010493358051783086,108,1.8059442520141602,0.045184706003403484,0.06992387771606445,0.007846419237944439,"{'n_estimators': 346, 'max_depth': 7, 'learning_rate': np.float64(0.06105450329101332), 'subsample': np.float64(0.9099010106178466), 'colsample_bytree': np.float64(0.7380819985464547), 'min_child_weight': 1}"
346,7,0.06105450329101332,0.9099010106178466,0.7380819985464547,1,0.8063858695652174,0.8163129973474801,0.8105726872246696,0.8083832335329342,0.8055367994598245,0.8094383174260251,0.0038522850690863625,4,0.9133167907361456,0.9162886597938145,0.9152095018145826,0.9140695666474796,0.914002478314746,0.9145773994613536,0.0010493358051783086,108,1.8059442520141602,0.045184706003403484,0.06992387771606445,0.007846419237944439,"{'n_estimators': 346, 'max_depth': 7, 'learning_rate': np.float64(0.06105450329101332), 'subsample': np.float64(0.9099010106178466), 'colsample_bytree': np.float64(0.7380819985464547), 'min_child_weight': 1}"
346,7,0.06105450329101332,0.9099010106178466,0.7380819985464547,1,0.8063858695652174,0.8163129973474801,0.8105726872246696,0.8083832335329342,0.8055367994598245,0.8094383174260251,0.0038522850690863625,4,0.9133167907361456,0.9162886597938145,0.9152095018145826,0.9140695666474796,0.914002478314746,0.9145773994613536,0.0010493358051783086,108,1.8059442520141602,0.045184706003403484,0.06992387771606445,0.007846419237944439,"{'n_estimators': 346, 'max_depth': 7, 'learning_rate': np.float64(0.06105450329101332), 'subsample': np.float64(0.9099010106178466), 'colsample_bytree': np.float64(0.7380819985464547), 'min_child_weight': 1}"
346,7,0.06105450329101332,0.9099010106178466,0.7380819985464547,1,0.8063858695652174,0.8163129973474801,0.8105726872246696,0.8083832335329342,0.8055367994598245,0.8094383174260251,0.0038522850690863625,4,0.9133167907361456,0.9162886597938145,0.9152095018145826,0.9140695666474796,0.914002478314746,0.9145773994613536,0.0010493358051783086,108,1.8059442520141602,0.045184706003403484,0.06992387771606445,0.007846419237944439,"{'n_estimators': 346, 'max_depth': 7, 'learning_rate': np.float64(0.06105450329101332), 'subsample': np.float64(0.9099010106178466), 'colsample_bytree': np.float64(0.7380819985464547), 'min_child_weight': 1}"
346,7,0.06105450329101332,0.9099010106178466,0.7380819985464547,1,0.8063858695652174,0.8163129973474801,0.8105726872246696,0.8083832335329342,0.8055367994598245,0.8094383174260251,0.0038522850690863625,4,0.9133167907361456,0.9162886597938145,0.9152095018145826,0.9140695666474796,0.914002478314746,0.9145773994613536,0.0010493358051783086,108,1.8059442520141602,0.045184706003403484,0.06992387771606445,0.007846419237944439,"{'n_estimators': 346, 'max_depth': 7, 'learning_rate': np.float64(0.06105450329101332), 'subsample': np.float64(0.9099010106178466), 'colsample_bytree': np.float64(0.7380819985464547), 'min_child_weight': 1}"
346,7,0.06105450329101332,0.9099010106178466,0.7380819985464547,1,0.8063858695652174,0.8163129973474801,0.8105726872246696,0.8083832335329342,0.8055367994598245,0.8094383174260251,0.0038522850690863625,4,0.9133167907361456,0.9162886597938145,0.9152095018145826,0.9140695666474796,0.914002478314746,0.9145773994613536,0.0010493358051783086,108,1.8059442520141602,0.045184706003403484,0.06992387771606445,0.007846419237944439,"{'n_estimators': 346, 'max_depth': 7, 'learning_rate': np.float64(0.06105450329101332), 'subsample': np.float64(0.9099010106178466), 'colsample_bytree': np.float64(0.7380819985464547), 'min_child_weight': 1}"
562,7,0.06105450329101332,0.9099010106178466,0.7380819985464547,1,0.8080672268907563,0.8109534806994392,0.8090724441435342,0.8129117259552042,0.8070879304580408,0.8096185616293949,0.002084990076976372,1,0.9641025641025641,0.9638302991418718,0.9621309370988447,0.9629926305671259,0.9618467457518436,0.96298063533245,0.0008931393294560099,33,2.861566925048828,0.07914473069505598,0.09469804763793946,0.009115368230870797,"{'n_estimators': 562, 'max_depth': 7, 'learning_rate': np.float64(0.06105450329101332), 'subsample': np.float64(0.9099010106178466), 'colsample_bytree': np.float64(0.7380819985464547), 'min_child_weight': 1}"
346,7,0.06105450329101332,0.9099010106178466,0.7726330018073349,1,0.8063858695652174,0.8163129973474801,0.8105726872246696,0.8083832335329342,0.8055367994598245,0.8094383174260251,0.0038522850690863625,4,0.9133167907361456,0.9162886597938145,0.9152095018145826,0.9140695666474796,0.914002478314746,0.9145773994613536,0.0010493358051783086,108,1.8045970916748046,0.046203145466915875,0.07013397216796875,0.012500446637410784,"{'n_estimators': 346, 'max_depth': 7, 'learning_rate': np.float64(0.06105450329101332), 'subsample': np.float64(0.9099010106178466), 'colsample_bytree': np.float64(0.7726330018073349), 'min_child_weight': 1}"
346,7,0.06105450329101332,0.9099010106178466,0.7380819985464547,1,0.8063858695652174,0.8163129973474801,0.8105726872246696,0.8083832335329342,0.8055367994598245,0.8094383174260251,0.0038522850690863625,4,0.9133167907361456,0.9162886597938145,0.9152095018145826,0.9140695666474796,0.914002478314746,0.9145773994613536,0.0010493358051783086,108,1.8059442520141602,0.045184706003403484,0.06992387771606445,0.007846419237944439,"{'n_estimators': 346, 'max_depth': 7, 'learning_rate': np.float64(0.06105450329101332), 'subsample': np.float64(0.9099010106178466), 'colsample_bytree': np.float64(0.7380819985464547), 'min_child_weight': 1}"
346,7,0.06105450329101332,0.9099010106178466,0.7380819985464547,1,0.8063858695652174,0.8163129973474801,0.8105726872246696,0.8083832335329342,0.8055367994598245,0.8094383174260251,0.0038522850690863625,4,0.9133167907361456,0.9162886597938145,0.9152095018145826,0.9140695666474796,0.914002478314746,0.9145773994613536,0.0010493358051783086,108,1.8059442520141602,0.045184706003403484,0.06992387771606445,0.007846419237944439,"{'n_estimators': 346, 'max_depth': 7, 'learning_rate': np.float64(0.06105450329101332), 'subsample': np.float64(0.9099010106178466), 'colsample_bytree': np.float64(0.7380819985464547), 'min_child_weight': 1}"
346,7,0.06105450329101332,0.9099010106178466,0.7380819985464547,1,0.8063858695652174,0.8163129973474801,0.8105726872246696,0.8083832335329342,0.8055367994598245,0.8094383174260251,0.0038522850690863625,4,0.9133167907361456,0.9162886597938145,0.9152095018145826,0.9140695666474796,0.914002478314746,0.9145773994613536,0.0010493358051783086,108,1.8059442520141602,0.045184706003403484,0.06992387771606445,0.007846419237944439,"{'n_estimators': 346, 'max_depth': 7, 'learning_rate': np.float64(0.06105450329101332), 'subsample': np.float64(0.9099010106178466), 'colsample_bytree': np.float64(0.7380819985464547), 'min_child_weight': 1}"
346,7,0.06105450329101332,0.9099010106178466,0.7380819985464547,1,0.8063858695652174,0.8163129973474801,0.8105726872246696,0.8083832335329342,0.8055367994598245,0.8094383174260251,0.0038522850690863625,4,0.9133167907361456,0.9162886597938145,0.9152095018145826,0.9140695666474796,0.914002478314746,0.9145773994613536,0.0010493358051783086,108,1.8059442520141602,0.045184706003403484,0.06992387771606445,0.007846419237944439,"{'n_estimators': 346, 'max_depth': 7, 'learning_rate': np.float64(0.06105450329101332), 'subsample': np.float64(0.9099010106178466), 'colsample_bytree': np.float64(0.7380819985464547), 'min_child_weight': 1}"
346,7,0.06105450329101332,0.9099010106178466,0.7380819985464547,1,0.8063858695652174,0.8163129973474801,0.8105726872246696,0.8083832335329342,0.8055367994598245,0.8094383174260251,0.0038522850690863625,4,0.9133167907361456,0.9162886597938145,0.9152095018145826,0.9140695666474796,0.914002478314746,0.9145773994613536,0.0010493358051783086,108,1.8059442520141602,0.045184706003403484,0.06992387771606445,0.007846419237944439,"{'n_estimators': 346, 'max_depth': 7, 'learning_rate': np.float64(0.06105450329101332), 'subsample': np.float64(0.9099010106178466), 'colsample_bytree': np.float64(0.7380819985464547), 'min_child_weight': 1}"
346,7,0.06105450329101332,0.9099010106178466,0.7380819985464547,1,0.8063858695652174,0.8163129973474801,0.8105726872246696,0.8083832335329342,0.8055367994598245,0.8094383174260251,0.0038522850690863625,4,0.9133167907361456,0.9162886597938145,0.9152095018145826,0.9140695666474796,0.914002478314746,0.9145773994613536,0.0010493358051783086,108,1.8059442520141602,0.045184706003403484,0.06992387771606445,0.007846419237944439,"{'n_estimators': 346, 'max_depth': 7, 'learning_rate': np.float64(0.06105450329101332), 'subsample': np.float64(0.9099010106178466), 'colsample_bytree': np.float64(0.7380819985464547), 'min_child_weight': 1}"
346,7,0.06105450329101332,0.9099010106178466,0.7380819985464547,1,0.8063858695652174,0.8163129973474801,0.8105726872246696,0.8083832335329342,0.8055367994598245,0.8094383174260251,0.0038522850690863625,4,0.9133167907361456,0.9162886597938145,0.9152095018145826,0.9140695666474796,0.914002478314746,0.9145773994613536,0.0010493358051783086,108,1.8059442520141602,0.045184706003403484,0.06992387771606445,0.007846419237944439,"{'n_estimators': 346, 'max_depth': 7, 'learning_rate': np.float64(0.06105450329101332), 'subsample': np.float64(0.9099010106178466), 'colsample_bytree': np.float64(0.7380819985464547), 'min_child_weight': 1}"
346,7,0.06105450329101332,0.9099010106178466,0.7380819985464547,1,0.8063858695652174,0.8163129973474801,0.8105726872246696,0.8083832335329342,0.8055367994598245,0.8094383174260251,0.0038522850690863625,4,0.9133167907361456,0.9162886597938145,0.9152095018145826,0.9140695666474796,0.914002478314746,0.9145773994613536,0.0010493358051783086,108,1.8059442520141602,0.045184706003403484,0.06992387771606445,0.007846419237944439,"{'n_estimators': 346, 'max_depth': 7, 'learning_rate': np.float64(0.06105450329101332), 'subsample': np.float64(0.9099010106178466), 'colsample_bytree': np.float64(0.7380819985464547), 'min_child_weight': 1}"
346,7,0.06105450329101332,0.9099010106178466,0.7380819985464547,1,0.8063858695652174,0.8163129973474801,0.8105726872246696,0.8083832335329342,0.8055367994598245,0.8094383174260251,0.0038522850690863625,4,0.9133167907361456,0.9162886597938145,0.9152095018145826,0.9140695666474796,0.914002478314746,0.9145773994613536,0.0010493358051783086,108,1.8059442520141602,0.045184706003403484,0.06992387771606445,0.007846419237944439,"{'n_estimators': 346, 'max_depth': 7, 'learning_rate': np.float64(0.06105450329101332), 'subsample': np.float64(0.9099010106178466), 'colsample_bytree': np.float64(0.7380819985464547), 'min_child_weight': 1}"
346,7,0.06105450329101332,0.9099010106178466,0.7380819985464547,1,0.8063858695652174,0.8163129973474801,0.8105726872246696,0.8083832335329342,0.8055367994598245,0.8094383174260251,0.0038522850690863625,4,0.9133167907361456,0.9162886597938145,0.9152095018145826,0.9140695666474796,0.914002478314746,0.9145773994613536,0.0010493358051783086,108,1.8059442520141602,0.045184706003403484,0.06992387771606445,0.007846419237944439,"{'n_estimators': 346, 'max_depth': 7, 'learning_rate': np.float64(0.06105450329101332), 'subsample': np.float64(0.9099010106178466), 'colsample_bytree': np.float64(0.7380819985464547), 'min_child_weight': 1}"
346,7,0.06105450329101332,0.9099010106178466,0.7380819985464547,1,0.8063858695652174,0.8163129973474801,0.8105726872246696,0.8083832335329342,0.8055367994598245,0.8094383174260251,0.0038522850690863625,4,0.9133167907361456,0.9162886597938145,0.9152095018145826,0.9140695666474796,0.914002478314746,0.9145773994613536,0.0010493358051783086,108,1.8059442520141602,0.045184706003403484,0.06992387771606445,0.007846419237944439,"{'n_estimators': 346, 'max_depth': 7, 'learning_rate': np.float64(0.06105450329101332), 'subsample': np.float64(0.9099010106178466), 'colsample_bytree': np.float64(0.7380819985464547), 'min_child_weight': 1}"
346,7,0.06105450329101332,0.9099010106178466,0.7380819985464547,1,0.8063858695652174,0.8163129973474801,0.8105726872246696,0.8083832335329342,0.8055367994598245,0.8094383174260251,0.0038522850690863625,4,0.9133167907361456,0.9162886597938145,0.9152095018145826,0.9140695666474796,0.914002478314746,0.9145773994613536,0.0010493358051783086,108,1.8059442520141602,0.045184706003403484,0.06992387771606445,0.007846419237944439,"{'n_estimators': 346, 'max_depth': 7, 'learning_rate': np.float64(0.06105450329101332), 'subsample': np.float64(0.9099010106178466), 'colsample_bytree': np.float64(0.7380819985464547), 'min_child_weight': 1}"
